V1,V2,V3,V4,V5,V6,V7,V8,V9,V10,V11,V12,V13,V14,V15,V16,V17,V18,V19,V20,V21,V22,V23,V24,V25,V26,V27,V28,Time,Amount,Class
0.0012301533574825742,0.17533484346507067,0.6969228031192131,-1.3665243151280329,-1.691096798191634,-0.36563580822810365,-1.1820707358866025,0.9888766736662779,0.06096541830261721,0.14114403301787243,0.7507136801196796,-0.014813661356901977,1.1537526391088562,0.4946729923777708,-0.3324802855381297,-1.1299916860305046,1.5706368350081084,-0.08550838999719601,-1.0294585957593656,0.25612657954061274,-0.7636665611870279,-0.12870113512162545,-0.5347869324012157,1.1783011647140404,-1.02577647427995,-0.7300350300877514,-1.4886610586565894,-0.20802314057080726,76640.0,57.77377587198611,0
0.2987455375084699,0.39209478666557296,-0.11142656870670702,0.20942904726834088,-0.3646500182510735,0.34181163446561236,0.7400956798987274,0.9867839529464602,0.29962760064158145,-1.431618169953138,1.0697261700303613,0.49112672520553574,0.7462589463324331,0.7286355374099849,-0.22246657244007678,0.17512269370438163,-0.22197929170472364,-0.6244422147965446,0.2963962096752257,0.23873925889840822,1.33152498711618,-0.15987931158805307,-0.7811049667293865,0.848209888331922,-0.8737882765891928,-0.006059532963181362,-0.7546254940202879,1.4170018313413886,39263.0,15.090256293287261,0
-0.2741378553622176,-0.3770744504010968,0.3568372783525386,-0.5305589921699142,-0.04080209072452791,-0.16534201121228373,-0.23950540159574377,-0.7896933747081025,1.8448342698843803,0.5319219579638232,-0.9899062157688924,0.2074065872481079,0.349402401437131,0.14570098832646813,-0.625248674880147,2.053630902741638,-0.3131165776512755,-0.04006835939435092,-1.6820968252576762,0.03034708645142927,-1.1130242880624166,0.02237582149773807,-0.37537698217223897,1.3334818066825846,-0.750317574303134,-0.7178547853434063,0.5293156027245801,-1.1691334837403073,166730.0,16.07726908152277,0
-0.8905918387572742,1.0291792326978486,0.10572154469998292,-0.3687890508614081,0.10479554070860274,-0.8892324874469353,0.38569057998691514,-0.058008752924185406,2.5091892435168237,-0.3089633389287533,1.2674871990874712,-1.983440300426495,0.2065519684481072,-0.8291282104853669,-1.4571514228989357,-1.4262056382178132,0.395082092633405,1.3451907524485631,-0.9521037387295794,-0.69386512276439,-0.03765575824527885,-1.6010191247198569,-1.2622253805141594,0.6600001583433954,-0.5647579258115082,2.240528200979671,0.8538932510704413,-0.6644999735038506,156550.0,68.77138860659704,0
-0.45467078517172255,0.2103949388296369,0.6316547341483746,-1.7415144478985787,-1.1673596004573077,0.7876812344951233,-0.4305084540167728,1.0306591397469347,-0.888545919200217,-0.2861001636668046,-0.47438623330832946,-0.39073758538893283,-0.9036366825210659,-0.22434343183634026,-0.31257489769682506,0.6189467769751741,1.046378966663432,0.5068519696063682,-0.6901719803111794,-2.3706426797107394,-0.6423658144583173,0.8548372016658139,-0.4734173612987258,0.44251898067086415,-0.5982521379617268,0.9401860711218561,-1.4308268306038097,0.5181514822362226,122499.0,37.284807294547704,0
-0.9916465549964624,-1.2133821388278598,0.038018747015535724,-0.8905443058032078,0.6502266590909276,-0.5396374495245412,0.305328576504327,-0.6560341288488227,1.0545585109422166,-1.4829104481387565,-1.0257327877323268,0.45238713554540844,-0.549291607323406,-0.07326182060384487,0.5765588356922289,0.07453820283380418,0.4297688922146711,-0.44461125707531646,0.029731705034592475,-0.5013478511488723,-1.3220615788871815,-0.6273334621637625,-0.7062228560015639,1.4469370527870518,0.14619014610961736,0.2389845445774278,-0.37233345117637767,0.5289873987477273,149118.0,47.92090567995879,0
0.060143602597438485,-0.9307637759906452,1.2362024834782115,-0.020493929457115093,-1.2496713584632424,-0.49930884341177034,-0.75115089967635,-0.749331170989476,0.6238454354380001,-0.5735247407462521,-0.17060422269937783,0.2496549866201246,0.7029852077343859,1.258861324385631,-0.49489384913873785,-0.052710947593886566,-0.801879163937164,-0.6985697884542122,-1.4060729930653721,0.9831978146496161,1.668687297772991,0.1407911830908286,2.6815239418282255,-0.649430127830485,1.1813200682485465,-0.9694159060158223,-1.7113952433547575,-0.12265174001302007,140074.0,28.243660235030305,0
1.3402152455545335,0.8054710604946225,0.42498278997722555,0.8884531740936087,-0.23004121509448516,-1.3796515919512848,-0.026516774698191165,0.8282319769793812,0.3995923653149751,-0.726838214295637,-1.4625527290027724,1.1020512270286447,0.10999766351294483,1.626142865401957,0.021972506298261384,-0.3242681045839725,0.29994165105861526,-0.44681574109503736,1.0203123784204562,0.19842186969094577,-2.0304064121006564,-2.4118732285972726,0.6656853154321596,0.6310450384442716,-1.2086266897164082,0.9385530984420721,-0.5765197155168975,2.0929599146905,37615.0,26.310979878460504,0
-0.49220651855132963,0.4638314564560598,0.3920676233884034,0.9900265894080504,1.341658720456726,-0.7860157415618623,0.5818457937154725,1.5623486941447886,0.47997872674780157,-0.036463843053579005,0.004578196723904754,-1.3406097789058018,1.8222984413595102,0.4206119107291351,-2.0707316653338816,-0.253444957156264,0.9081425989656929,0.5483789455243655,-0.35784944192139573,-2.06254394568106,1.463320737296028,0.2239258532271165,-0.23351340239982998,1.060959602089663,-1.4460987577110853,0.6939102682516526,3.622238114275797,0.107796832089795,81882.0,80.11468028129775,0
-0.6204748998199404,-1.899061239006601,0.40986691768255656,-0.08032647499591145,-0.7117573020089456,0.6517715958851541,0.04507281489505506,-1.1520747438819885,-0.02153785031632843,-1.4534190461785983,0.2897041392843967,0.46689268452687643,-0.3649247224370416,-0.752753386920511,-0.20762489099572487,1.1041205561813485,-0.7638296942822042,1.8186845763797257,-0.31134039417156073,0.004646111865030056,-1.3516131055909977,1.2776727622335011,-0.08812784364190931,-0.7659552427181424,-1.749875119610836,-0.5052563983047309,0.06501563911865281,0.32678230571169126,94522.0,66.03926412019817,0
3.989842050185198,4.847712303862409,2.04336225743128,3.31071164277103,2.974998322031212,-1.6176551585337526,-0.45711023560287994,-2.59756841525121,1.5912831371471237,0.05065629261737359,-0.20037008367977566,-0.7068990622613482,-2.4354092731323904,-0.7296821031412092,-0.12195839171675722,0.6634678976864864,-1.3837797349894772,-1.0836067090900574,-0.4131798436670114,-1.7250854734273384,0.12364216289225462,-2.1332204402747093,-0.15912601067363405,-1.1239659480633457,1.197764800789861,-0.42143629016807094,-0.35312365083919045,-0.5389580884286136,170578.0,191.06841530396417,1
0.35688700816006075,0.5980270310938874,-0.16463575180371992,-0.8306791870163397,1.1033530773375757,-0.07117369463371082,-1.086666497783329,-1.450316447257672,0.6166483777194441,0.12433599078264203,0.5361646905610279,0.13835432640679232,-0.36490059016776033,-0.18750401247203768,-1.2260892816806201,-0.9302845116221006,0.4521445649468725,-0.035957785921755504,-0.7209995331239919,1.8581372242589842,2.2569481203091026,1.4504589313035452,0.1487927914429708,0.4270183979086196,1.4196672055272141,-1.4955018647826013,-0.6019268205722429,1.7045051625937673,59509.0,2.335215242754913,0
0.10541424899789856,1.3433429876964984,-0.2593164895494978,0.40235649697613907,-0.3947134948174819,0.7177250232748813,0.1676329619934854,-1.0124524484586404,0.34702978027999776,-1.1197678517030292,-0.3146810553474001,0.3486425401058251,0.24815216834400605,1.3887974968287569,-1.7295348780197715,1.626196468387452,0.30998650060978855,-0.4161900465616582,-1.0252519466626908,0.1778522521846075,-2.0537090201622266,0.4512891286202609,-0.4461911395291876,0.1250796897900209,-1.4417456322423483,-0.04901056919503408,-1.2372055141360903,0.8982837596341089,45104.0,1.9257686555371265,0
-0.9304680447082047,-0.383700881075084,0.2075467211604842,-0.2475780005075383,-0.3052563851455138,-0.3771086071282543,0.34494550520553735,-0.13767669847414857,1.2494242061952612,-0.6246563662981256,0.00405102856606363,0.6296501501369685,0.35357918232579183,0.3345737312368906,0.41182714406104065,-1.2294003049177527,0.9074040087986778,-0.7812242531176851,1.0753226316564526,-1.1237747623790941,-1.3117473824634907,-0.6995090412305163,-0.0577836274295121,0.5990217554964635,-1.5382745663176733,0.9359707827900965,-1.9004097364387451,0.4507961504122495,32322.0,45.34187884827694,0
-0.02925182246327349,-0.2957062213323259,-1.3586941642962918,0.605884539149004,0.22735868500971498,0.23979051840496315,-0.2583594498491071,0.6158492075219365,0.899079031295105,-0.8575535635412491,-1.44066416825302,-0.6334370442356455,0.03848380692622326,-0.05533309312968861,-0.809652322593839,0.7309168634816591,0.03420169312815423,0.3608151059481299,0.14177987958905108,0.7451036068977269,1.3225699105016764,-1.5133554285835251,0.9892451092162143,0.6344851237297042,0.2233344215588803,1.0766723337143256,-0.043112364408030325,-1.6141805877366222,37844.0,89.44798780054427,0
0.6953031944582878,-1.126457084751319,1.634114776892911,1.751686804125962,1.0784191064946678,-1.1167940113829253,-0.7693203309211949,-0.14650118730966166,0.4627932596567932,0.9076144923978153,0.04267216738329507,0.12785295340175776,-0.853030846998981,-0.7650124976898842,0.4883652408342217,0.2522776451631403,-0.694955175557982,0.5128071443194214,-0.16796709188433853,-0.730627072466634,0.20505862011889528,1.110318693538726,0.7935862239201589,-0.7428084388381249,1.1860129865721378,0.6369926155114173,-0.2825383886351501,0.4004918017082258,135060.0,27.59226340913432,0
-1.344214547285082,2.5369295701318877,0.10438866415652721,-0.032374957261813664,-2.2646259109564686,1.3102779021847437,0.5425830336149764,-0.7003395161875435,0.32955508068675227,-2.5282638988402097,-0.8510364071272692,-1.2246104745003987,1.4683714170947904,0.8823790100455713,-0.42020751239468135,1.267321442457395,-0.48845806747391757,-1.440355653580885,0.9219284607220251,0.5243865841402345,-0.500698296067008,0.24932263931095738,0.2697063070966735,0.3363049989748107,1.1081147655475703,0.8920428381597503,1.5106782378310335,-0.43526056018186404,91682.0,84.32335656932943,0
-0.45761576104021817,-0.17545422540714875,-1.211317540650674,-1.4973544741740719,-0.8511711525341055,1.1010503361027648,2.481730442169732,0.15336968599425066,1.7584538855743241,-0.343324872527499,-0.449778602782884,-1.4669816959988766,-0.6938250712557871,0.28937150765135355,0.623207424297662,0.4252393818764471,-1.0769565920548632,-1.0615950614116232,-0.7632359391413553,0.020214477033572032,0.0038415436572940775,0.566409779836163,1.2956277319396536,1.1078730725176897,0.28697829581641066,-0.5844657698210795,-1.6730824305072014,0.43001430421395204,116772.0,12.194167653822381,0
-1.901222739800844,1.5875331920819455,-1.7088869635788377,-0.8608504430288475,-1.0349134408139684,0.2354990831833189,-0.30246197925549945,-0.9618717531895769,0.5123025843079321,-1.660526752242019,-0.09367906152695865,0.49785088538834804,0.6837175005841458,-0.050777791913694255,-0.33879566340592293,1.1255586523279109,-0.9951204815425863,1.1507724483168738,0.5593024117966462,-1.101878468543032,-0.9109812577575785,-0.2590672008225281,0.18484602737633887,-0.33889104972337214,0.7755849379021031,-0.4607478117674114,0.445354484154867,0.9538659018994993,158295.0,79.68084348899166,0
-1.289537739784976,-0.6472924513872795,-0.28128729372066874,-1.4581474413366173,-1.1144134810834543,-1.7550788599159177,0.3367394447611092,-0.046920341763756,-0.08702323234356525,-0.4316715980246007,0.19097763255239386,-0.11160184319567239,-0.31577149899322426,0.10342371652475525,-1.5066187204011774,0.04543867907963324,-0.6113601521261294,0.28049262564924,-0.04080054339206172,0.6210123201418927,0.15528236052285008,-0.7608520533694755,-1.0245136336879548,-0.2697340973864019,0.4208760499333766,1.287891964433132,1.3715867704368345,-0.7195773156061581,11831.0,19.26570338825291,0
-1.8417350377917323,0.16384119233310074,-0.08967541292646578,-1.1971096894149784,-0.8777834753447102,-1.0459623376970644,0.3773929828312455,-0.6415684619330663,-0.8543485531931074,0.8467408364036375,-1.6466656291878172,-1.675401395527983,-1.2269779744561418,1.6865159900116466,-0.08646642006305132,1.042919093503585,-0.5337335132078852,0.48319897492103303,-0.9411214718810066,-1.2507580046166278,1.5006655337101253,0.8312965586146405,-1.792749217325321,-1.0913364741546154,-0.46063881634107023,0.500832908431797,-2.0013916513859673,0.2527024664016978,96681.0,34.085260261197924,0
-0.23509113107468127,-1.67135248657008,-0.7182920859743898,1.305270723485468,-0.8615483089052315,0.9767030619313426,-2.566464863642764,2.680343186969958,-0.3412040035839705,-0.6306112793987408,-1.5634262078942067,-0.907118220580865,1.387975428283021,-0.1603776629247999,-0.3282642781884368,0.41486901117639496,1.055882844111955,-0.5314017004722701,0.6852058562155704,1.2518175253790353,-0.3398536584224414,-0.9115397636229944,-0.7378105739557688,0.8061495606932395,2.00249028295826,-0.8002644230702786,0.6726467524839672,0.9181167385857588,115516.0,22.312915005520438,0
-1.2674464814437032,-0.382867148766769,0.09211382792392302,0.2266595734584829,0.3092160512002342,1.7131210902787024,0.12386234538154337,0.8167869400914622,-1.0469008309410244,0.13838860882386858,-0.3019750522481945,-0.038558885571692104,-2.540109948220807,1.6884588042829132,0.6573715668730256,2.2196616896081145,-1.2726372173351805,-0.41136799195067203,-1.5394812060668872,0.056507028597194794,0.17176273815781049,0.8607352588394289,-0.10314332733701907,1.9135473524422781,0.09270361248396511,0.5525462662465668,-1.646830337714925,0.19771971827379148,78161.0,55.36018506501863,0
0.2712643588217015,0.9837549084000277,-0.6411757672395606,-1.5201744315757593,-0.9121276954716766,0.2966154399850014,-0.706518702324268,-0.8350144248359667,0.11045780904968053,-0.8447748102501275,0.4743859386160522,1.4968165457416838,-0.8795422680813362,1.2422849967544662,-0.45059037437616667,-0.6248097846583375,-0.09958413626330401,0.42061144266130474,0.5763708522809391,-0.9608354308264089,1.215127690227433,-1.5956583075927289,0.3592149385466786,-1.325317081701072,-1.0182289527769526,0.8963224894122593,0.534056643511236,-0.29697468238873115,2171.0,51.446168582033415,0
0.15675108662422516,-1.2517438155744967,0.5516582517062987,0.6536321660301218,0.12558427796144458,1.247318934035698,1.3846879838502162,-0.9969342093939191,0.25983680227043987,1.9394826072450306,0.3602414175762638,0.9866708134113734,0.40657423287748734,0.05234125677422298,-0.39307075572760974,1.2653682736300407,-0.6377702868360574,-0.5271095549832919,-0.9386642080095253,-1.6930004760321091,1.984130361354644,-0.8836474990696656,1.0402491889863368,0.7538444798100282,-0.37393857774937644,0.7674843306521558,1.5089536236183334,-1.0314916484125027,104809.0,17.002867773029863,0
-0.18693094462995438,1.072227544934612,-0.7245418183888837,1.2603748740788823,0.41142057487189804,-0.6077617034215402,-0.2539858210920068,-0.4381782131091691,-2.0479142419448975,0.9131963290857273,0.8927804352327263,0.7400230117655952,-0.38325339146942594,0.8838738305382184,0.8598783999927779,0.5359582120663569,1.4287372665246363,-1.1344193694207616,0.3360056844644671,1.50926294203615,-0.5410977577701623,-1.3867817941857503,-0.6159667227269806,0.8915505669958418,-1.4480067274178203,0.1410628673331556,-0.003888338844161372,-0.6389007257738918,16557.0,7.791883344600535,0
-2.516759710820513,0.3372378158484627,-0.03850022510492524,-0.359874557435862,-0.7480531806818757,-0.18938715661090497,-0.7775358060742449,-1.6448751189990718,0.021116320024818922,1.1271913864851009,1.3010764648176134,-1.842463340610073,0.725451103151859,-0.12377898787817336,1.1663107938837474,0.2481497804769982,0.2096572815266623,-0.03401785184936463,1.2934014992017104,1.3553305570216074,0.3301080573298145,1.2512345547173374,-0.8480101409430193,-0.5346130342173532,0.11092433745000284,-0.5103427879105943,0.2935539188240118,-1.243094383582372,40343.0,5.779733069028939,0
-0.5386928958466366,-1.0439509249842558,0.9788391733621384,-0.6759908391368861,0.1338761754133952,0.001147903563308692,-0.2184993360778236,-0.7304944613783337,0.6519094871803026,-1.3281814353407402,0.4964333278446989,-0.15519839068920654,-0.12538100650694026,-0.8283764550848395,0.759444025655175,-0.49454209803297255,-0.4221903595375029,0.8629279856152092,0.4911367995781299,-1.173913482639834,-0.5162916612928082,-1.67251728115837,0.7333049677900195,-0.351225297049804,1.1908277743959401,0.44503293575684694,-0.7092346546016155,1.0263853347122083,71558.0,41.238843570262844,0
-0.048500945401071985,-0.5015972714256735,2.5716688829102927,-0.3373777124849492,1.6775191154460816,0.42309675373499933,0.16656105809062502,-0.7382271170836668,0.16928777880264298,-1.101078870758848,-0.019862269909256384,0.41887385814677264,-0.47855129197762053,-0.2679018992332394,1.0377900733861982,0.5194496521744618,0.7598906948203741,-1.055662332458992,-0.6630096347408039,1.5375074619999252,-0.596387832813192,-1.0883816859324176,1.140633210605053,-1.0069427483934075,-1.1710460990601745,1.797110085268247,0.29581588208765325,0.1381102556358027,70255.0,15.948988616503982,0
0.11330898600330756,-0.4590656767054133,-1.0076431926306066,0.28460651025417144,0.33005396421210825,-1.5288095904449193,-0.5599055705617537,0.8839256893054488,-0.9519476878105982,1.0797575475901164,-1.0314578018078389,0.3355563923106106,2.1384205030813157,-0.907235936287092,0.4542063353949807,-1.4013669067902446,0.016167088600792485,1.0133663348916213,-0.09851610163949963,0.1560783953804936,-0.356856132799555,0.630975325079422,-0.5192116483305771,-0.7510682999005036,1.2217649203466387,0.18133618196825518,1.1577301265403825,-1.1883441872405858,6079.0,13.177630391383737,0
-1.5301357655053935,-0.04951933794250218,-0.46450777008709926,0.639970150256371,-0.6529794238599105,0.9406668425382941,-0.05266277934274048,-0.426600316187163,1.271425308986025,-0.19436818079493018,-0.9460677795774783,0.35767524661576006,-0.24444666870589168,0.5114487236084106,0.7703539533570805,-1.2960528045340056,-0.5232823187462792,0.6612233627758155,-0.43326331468493223,-0.20662717015693094,-0.5845805641156103,0.21888677850073424,0.2983504058886907,0.17467560544857616,2.18820635797707,-0.6695302678950871,-0.18692723839168124,0.027809436212354276,154941.0,60.84934583375896,0
-0.47775327603393064,-0.5361439659430923,-0.8398356977999346,1.1822168380402336,-0.06652061107914677,1.3225466443667953,-1.354159831542692,-0.7905457810915593,-0.693737503847282,-0.25792205126173884,-0.46717047157486447,-0.2913001939337218,-0.18206887169059507,0.014728017050965022,0.8782548952252025,0.7846815404034427,1.4771589500440907,-0.8894301613615984,-1.2274710524720536,-0.0812049461788164,-1.6609638917336174,2.0948766760160034,1.3394233078219275,0.6494551465070455,0.473022927070518,0.3815669890661511,-0.1424956588302923,-1.2637083440500256,89850.0,87.88773673836593,0
-0.9785190780566395,-0.8272879008045365,0.7843283217692749,1.2124782059131658,-0.9379420327921617,-1.148735148839963,-0.22525344690907875,-1.3404658383652088,-1.2257482498097747,0.3337833123027416,0.26748660663939233,1.698931155252668,-1.107352816624552,0.5678301353839835,0.4037598912786011,-1.4819781974825563,0.6576691163049805,-0.02694488653788137,-1.162990064737016,-0.25076278618899017,-1.9150367575494756,1.759530761287585,0.28153423128108324,0.12780595866181244,-1.0636052683575707,-1.258940341437065,0.39916084508928457,-3.2684241649619628,39530.0,5.722848613722341,0
-0.8088372394255993,-0.30458770251481737,-1.1480993057175632,1.1854038482269786,0.27713621736140426,-1.3553396712598527,0.7756728760864275,-1.1766385491797233,-1.0781734322673038,-1.2551770179484478,0.2207355331904661,1.4175096632158715,-0.7716881762941,0.8266851287444525,0.06293283622387696,1.5101074436948452,1.6710488219899462,-0.07565535699818057,-0.030434155805126692,1.3364027795693698,-0.6806972915933619,0.589998071055414,-0.09504616654346404,0.848076771984387,-0.7588218955508351,0.26622602543455026,0.8416930429492535,1.2463808025021532,118029.0,12.750255573731252,0
1.0608986233860787,-1.026889738609049,-0.4843570455930865,1.361921431780073,0.8824491394473416,0.3505601146176193,1.9691722756681103,-0.06635604999662813,-0.011988611738078095,0.772866856278465,0.0042437559381249155,-0.1520328517174491,0.626882114021333,-3.120244803981503,0.14215547648880475,-0.20099668311989985,1.101911590470687,0.5935828132789784,0.45505417890668015,0.1402240885720049,0.1648457959120661,0.6594414243918485,-2.124836247243668,0.21429386220979013,-0.24013092151710416,-0.2854191360787871,-1.6731524846837278,1.2092349502055852,162990.0,35.29627843121027,0
-0.8075346753318965,-1.289526572643077,-0.029601283237510274,0.6613877898003535,-0.8379442947522655,-0.654311906112452,0.7065148677097941,-0.215129103141473,0.9853848865907753,0.018323962682403418,-0.15272265795460252,-1.0377163375345768,0.5415917871619645,0.3114985528459704,2.4048526174151603,0.32334550258947786,0.7226569143991889,0.6260069389170214,-1.812872605929676,-1.7206378051017865,1.2256015109340386,-1.7445712870431083,1.2894029770356485,-1.1244133933231517,-1.1876301109420913,1.0256923844994361,0.06142723022752258,-1.4486209974577906,44669.0,2.2361829968066687,0
-0.0325217049455206,-0.04817648250735862,-0.9786785394797441,-1.5309066043319859,-0.21394383528031954,-2.3708296825978823,0.27193385989192836,1.1342516276816554,1.1679776174689576,0.4792401455569555,0.6304962543040656,1.994611144187856,-0.020395073999102037,-1.8016772626975688,0.013678030026060228,0.14918772998929167,0.08346121616516597,-1.3245815134758796,-0.14703090863461085,1.9547222491641005,-0.48427985850547844,-0.8427758459846073,0.6057497650488562,1.4304760344375955,-1.1557838117638928,0.13398200209507663,-0.70017146396598,-0.6885876783131618,95212.0,13.18208853059114,0
0.8843898673831739,0.8828742255545683,-0.9573250423091814,-0.13096422951361827,1.1372961410537146,0.8085835160253632,1.183765857934436,-0.6291306106204656,0.2120649634841013,-0.6706140178832568,0.20833243110708471,-0.6107710755631931,-0.7225347304377766,0.16663117511862577,-0.23680816344812297,0.4944852123299968,-1.1261859814756583,-1.3694030347692638,0.4220889425706441,0.8235259082400219,-0.1285550604263276,-0.3139320278627464,0.08604949287321378,1.17062724675187,-0.16509928216901004,1.1210956740622124,0.5080218574420379,0.2390872682054244,120468.0,63.32737150637292,0
-0.583600432743302,-1.529371705117365,-0.47562288812186493,0.31392051262338433,-0.5084857091926813,0.15559441690102901,1.0191086599600772,1.0591842865409824,-1.1914032147534568,0.5132298618792617,0.29784680185810103,1.137953124260998,0.6652232892627756,-0.8773892463930999,-0.36425968030061284,-0.20474277649366474,0.6580797198888351,0.9854239931696426,0.030136923492202067,-1.0167879706317327,0.6827954022243332,-0.16988660224649202,-0.5064412346827157,-0.6759742738845472,-0.08574054449902235,2.424721966660201,1.0600645537781714,-0.35289754064268364,168880.0,36.03158754577758,0
-0.11170194958415963,0.0035081514639604466,-2.10044024033736,-0.38312626500769986,0.19210250301024473,-0.47664699780784253,1.6638427016068749,0.2571263121834086,-0.6546834553623672,-0.7048816294490176,0.30843711906436094,1.8502268484585194,-1.725504270457069,0.10423775493483178,-0.033344636770657535,-0.2929511943001787,0.02515542230066307,0.07790339760591797,-1.0658002410872578,-0.33283223807289414,0.7606163524147997,-1.31501904465323,-1.2900416817404197,1.7444715644818234,0.7005681720769505,-0.20118737917726762,0.31938123370988913,-0.8268987604066403,12332.0,21.86519049897559,0
0.11046414324948059,-0.6499561948012956,-1.4454782170733342,0.9112608549019698,-1.046130800054778,2.113444292710736,1.0826558538488558,-0.004635687218704896,-0.8957718550187412,0.9543805969045855,-0.5462929562689646,-1.0015129365781357,-0.362396951252291,1.3654527279284376,0.24420868532195575,-0.05127762772540404,0.6251333221053424,0.37908350457323153,0.9394896960185355,-0.8446631162117341,-0.07694746689791482,-0.890428871965428,-0.14004513214387612,0.4747948844326735,-1.1054385216287117,-0.8446354772437829,1.3214261731821608,-0.4838292141309663,85647.0,0.048239200456784204,0
3.563781774255062,2.5228545628653105,3.086965912206826,3.139786027814495,2.6632142227570323,0.13890425167965942,-0.11786358135149987,-2.0083042616903155,-0.17653117291449827,1.1296461871043744,-1.0308375209161729,0.2320096777112948,-0.2726672840643427,-1.7077986933339826,-1.1311307757619147,1.1242158363287775,-0.054344634856542416,0.29657709639805,-1.2771067176621045,0.04352106354270752,-0.01679796623326249,-0.8100443927786396,-0.147186048176328,0.1467661697129919,1.9677941666035919,0.5046484415604354,-1.0129180134824183,-0.20989449675194125,15273.0,241.8157477256015,1
-1.2250558264176934,0.8534376527146189,0.14823063634199898,-0.92574702996371,-0.52346318956414,-0.7534300603052011,0.25844761263424176,-1.2900581849921313,-1.7723733540354172,0.9118856182648053,0.4911277930743177,-0.4059470447799969,-0.866145956977886,0.19065692745932128,-1.9805682134059266,1.2083902646231335,-0.7316857929742908,1.482626661859116,0.5566520161010619,0.3681820725680471,1.8702003533152969,1.0158140579644686,1.0604558553896508,1.8874519532667513,1.1566963523139646,-0.06626768706245265,-0.417492438631454,-0.5234270821926644,45713.0,1.9027821458350154,0
0.0761402303770081,-0.5181696890906662,-0.18575998595359344,1.4442989994390623,2.176320023214294,0.1011518121003468,0.17916125499753283,0.7414288555092375,0.11275007887231701,0.5164636658798996,0.4167273690922375,0.456265196661404,0.13369794018839326,-0.07842569377053056,0.29525023231310127,1.3491173589432806,-1.0459181542102478,-1.229127051716331,1.4937060534754152,0.22240206240364427,-0.29229615816645255,0.4068933693099951,-1.255248772164136,-2.416340738178182,0.9858515208478053,0.17301864311903986,-1.011614412148055,0.24255371839876758,86082.0,31.134320076229482,0
1.3588234217415376,1.4983016830648794,-1.7739686948393945,0.6660043098063377,-0.40905014133652295,-1.040069267430892,0.3021392035051579,1.3978198623449984,0.6465443992868912,0.6338162546014326,-0.2200260609312674,0.26183239948021003,-0.6866996296113749,-1.8922180087247158,-1.6060531505439988,0.44070059519911536,0.6501149384066491,1.0446911807660457,-2.090451286824986,-0.5587480175521116,-0.44457041016578275,-0.31761534390743407,1.4053259662471083,-1.5458581837662333,-0.5564571284925767,-0.6028230741767456,0.061085923536279514,-0.20126045731669376,74205.0,20.733678911434424,0
-1.5471446781284823,-0.7798393641463933,-0.46378629175999775,0.21925378420038097,-0.5299586860696227,-0.7617067740407445,0.20032108904013515,0.2064488051734807,-0.14766668769261082,-2.7059273950864857,-0.41574093284844815,1.8865571804473853,-0.821810654568348,0.6479811787366794,0.25871869943913933,-0.12508753597240935,1.2394735695453845,-0.844602535999244,0.16989114059833157,-0.7473434153099087,-1.557478490219533,-0.2638133253635596,-0.004963326839240268,0.7123928811702475,1.8351428386257607,0.6039180421602833,0.0987115098513041,-0.7324614805316819,4922.0,1.0400464078475764,0
0.8593826880215982,0.38650199362583243,0.7984376405061764,0.9267090914598398,-0.563193528477139,0.3863628021251846,-0.7824287978047578,0.7625273148881756,0.46139262638607126,0.8348842057661061,2.278424050275165,0.5315189694476075,1.7854456232278166,0.03422162218382628,0.14062012728637838,-1.6041195932875971,-0.3309118127328686,0.6863148546592424,0.2244344722497152,0.790986639452676,0.4595809835390055,0.27838400087053244,1.1500801290306757,-0.219377913595693,-0.2482338072865063,0.09686136434625368,-0.20211576706925,0.055013224495515774,61585.0,29.928308210634835,0
0.11935402569658124,-0.22728300655720315,0.5558655119913222,1.0625342393353856,-0.16560235405827292,-0.5541982062122524,-2.103635888613438,-0.40772214192058454,-0.9374471678540514,-0.27403986043418815,-0.7592090438492244,-0.06721892497079593,0.724624135293847,-0.5087383783514998,1.1529066995401485,0.7186580064969673,0.4072933084005111,1.2932970387978386,0.1378835131830412,-0.09389560533604643,-0.222897142103347,-0.6674461792829252,-1.0126933127498567,-0.902060131635347,1.9114937665732206,-2.2262319001568556,-1.239246494610968,-1.635893732546568,131021.0,7.942370218691924,0
-0.6414703941072214,-0.7540218091263632,-0.07874786152783442,0.3410358109726957,0.6559301183529251,-0.45097407397023326,-0.6716786118696474,-0.3713509274410334,-1.4536594105654512,0.09494499311582641,-0.21754410051461948,1.0670995508803083,1.183785598207223,-0.7217804178815052,1.670196730464159,0.9163848745394767,1.3311449711770638,-1.40279887164837,-0.840162572458355,2.1017802993885284,1.9055188669439322,-0.25219903917503494,0.3074983686904735,1.4909490085811172,1.166775311608727,-0.22212969827889,-0.07778931521340503,1.479766387148193,96016.0,49.65844663163721,0
2.000416546342423,0.5876750425777528,-0.8873698750982034,-2.457661418894294,0.18949043700352977,1.6689448608407815,-2.0260344883676478,-0.6629626237623119,-0.6360162805672714,-0.2837061423192545,0.2655093781024122,-0.3303924066151724,0.03585392065847153,3.2125524475992675,0.367672061205808,-0.32730115692009837,-0.8735028160970131,0.3647397859047206,-0.3926679025935328,-0.7537921824646023,-0.2926006725696522,-1.6468221847178965,1.183600834999584,0.49661232486225804,-0.8022938245273447,0.3714770625782692,-0.44669579747727317,-1.7139047323421628,154036.0,28.737244201746837,0
0.7622597120847118,-0.15498257307480726,0.6312163709522058,-0.6755894506677215,2.0578146747003956,0.8596487831863843,0.0679591073824083,0.9746987697758231,1.1580586525891248,-1.3911370136013905,-1.154230576353581,-0.42374386439678374,0.9500090286983343,-0.3938683567460128,-0.5539444749726915,0.8830046405614473,-0.3819620208087084,-0.3085059607332635,-1.4601942862395034,0.7363302133775051,0.8305264876555903,0.6403196821032928,0.0749180544283895,-1.2220431615462393,-0.3594518408135408,1.2508272165848873,0.6190298575185803,-0.05332700074950612,142377.0,36.47995859095146,0
-1.1992889021052233,0.6032105807136467,-0.5789289812099466,-0.4565791295783091,0.21379444673291043,0.8028258201068199,0.004536388153236781,0.3427973850735266,1.0309046436889817,-0.5386333669942536,0.11723596667309545,2.1795076555846484,0.7669603158669939,-1.80032301359481,-1.1747891820252436,1.365010539423508,-1.1560384168931146,-0.3215554367687717,0.042718485480725654,0.045661475673272965,0.9490971573563686,0.9190115647045481,-1.5140047718796283,-0.6211335632251085,1.9670553758549059,-0.5775444401089298,-0.2752393470896967,0.37066738637736696,1164.0,78.06204516088864,0
0.07451622877146342,-0.047291507216996057,-1.1692484024740184,-0.9842008951131349,1.4474041493565695,0.5288167021982181,-1.6755745035631586,-0.2341693164325577,-0.45596184051958866,0.6585348218222006,1.7977491208578336,-0.8793816828413256,1.1999471939200426,-0.9308983778693274,-0.7917667090024965,0.17059704008471907,1.1285125552469026,0.008134815324505912,0.4402876397323771,-0.709775376568131,1.6487783092248716,0.3461776485408728,-0.3710630399129364,0.8471254509039068,1.0971635114644918,-0.8117130438419918,1.1904984644408017,0.44526215940758784,41935.0,70.41115435885642,0
0.5766895836701853,-1.0858162553014383,-0.8021862351617889,0.19867743392031523,0.2767111160248597,0.4842015617241953,0.6881681671279395,-0.32839126472247626,1.2046270775658816,1.4173695916490727,0.9338681984535336,-0.5473935567368408,2.3558996253571074,-0.36661358911803443,0.03997741776409396,1.1330113804650737,0.21767993846601372,-1.0746948857943341,-0.7423587559247352,1.2722614309935132,-1.2476254316030013,0.456440654777787,0.4966599451378753,1.7640907184785686,-0.06029580794003154,1.2197141719694686,0.23739555490452052,0.2910279182834009,138087.0,0.5642198799493379,0
-0.1887821253507493,-0.10206924318890695,1.4483452917741528,1.1922021328513417,0.6055814984474479,1.4565848989071413,0.8668580847152214,0.5565055864285112,-0.32408529028619343,-0.6229222595050935,0.6322003356199405,-0.014613837582336824,-0.239067385136059,-0.3843973169541629,-2.0693565268568404,0.3840027434045334,-0.5015540537835286,-0.9874391501464067,-0.9985387258034903,0.1153817988633467,1.567802690612457,0.34900804023260823,-1.4427332140168994,-1.9288146618203097,0.2993714136204053,-0.6113977219585679,-1.899389168223794,1.2960715677500974,84818.0,92.16687025607987,0
0.682910267195206,0.05195516951614051,0.22018003820169318,-0.48490558520706833,-1.4435999397133137,-0.01954598597516107,0.09585178909326052,0.3231155444424801,1.5126708868406114,-0.903971484703541,0.5924279289453852,-1.1153190621491489,0.24738727888003173,-0.07885307938602523,0.07524523931469478,-1.6585152103466674,-1.687819330206679,0.6165110524710803,-0.5540892712812246,-0.8347356509465934,0.04834028185260356,1.9522025787883968,-1.4881357268209947,0.2681933474731629,0.2938957274187393,0.13229171984280488,-0.17635588538405614,-1.0980356552917871,98430.0,26.303592660920597,0
-0.06651732014941557,0.9584629538811972,1.1592470530477048,-1.1348326696708735,-0.12705944813917863,1.8555141248997793,1.667666301846532,-0.8320419653090759,0.4833586921576919,1.4517622865081008,0.11196421654667392,-2.167422133667998,-0.06267503989605898,-1.0469826841698344,-0.012056774242347194,-0.3961550042289469,-0.22089297975066127,0.8020116447770036,-0.0982192456147032,-0.2979351130634204,-0.06684098098894542,0.1943593796012923,0.19574707491939175,-0.34708387426232484,-0.6781301405932276,0.5147517397544054,-1.4617047445400344,-0.040122739857363504,29480.0,8.689488736933527,0
0.6672475608343279,-0.9062690073351785,-0.47933631330936793,2.0280348109104995,-0.06894774062879866,-0.9514016679623094,1.8716655437857856,1.715985877448314,-0.45125703604135237,-0.8825692944050019,0.9583929595630923,0.9968460123503416,-3.5267313491422474,0.5415406305832446,0.6444435374444517,-0.3335561584006175,0.9493847803237939,-0.5956456163348979,-0.030750891871368112,0.9502209171790649,-0.2684257661604919,-1.2658435469684266,-0.992834040093278,-1.6778603602311155,-0.10506856558084988,0.7903297125089086,0.9915295415038162,0.1759240270530381,168406.0,50.7360106618564,0
1.438522591656152,-0.03932985326730542,0.938149339185143,-0.4514376060975332,-0.24295700689747154,-0.2550376877212449,-1.2059939963062491,0.2570289203186109,0.7959422524891432,2.0736359610618322,-0.15586176653858155,-0.843269188985265,-1.4069877492019616,-0.4837753909131026,-0.33461707153770126,0.6059642625935295,-0.33539963968480535,-1.4735471318972975,-0.19312006011965865,-1.1440243415939084,-0.35124808503769,-1.0035270694446323,0.6424402236664364,-0.1362939104209102,-0.5651625229352794,0.03123171975083312,1.4678573122569658,-0.4680614285792642,141423.0,13.466820380538287,0
-0.6756622510056528,-1.721878730230039,-0.6015040436180767,-1.232964924713251,-2.152878627190867,-1.3785963613758874,1.0367051438010604,0.010479104273891997,-0.7740826872458788,0.050648642788353286,-0.42280654669743317,-0.5997878057397446,0.009243919974379405,-1.3607252008514803,0.10204789834383891,-0.7867724374199706,-0.4629574976679042,2.2564938282290994,-0.024091660120607126,1.287731491045759,-0.3015102185797929,0.6802835001111748,-1.2184793721721285,-1.5366772536547173,-0.33371087164695395,-1.1343792620583968,-0.02640653745897182,-0.5659247328081207,138323.0,26.2132201235277,0
3.703138610389609,4.1514930603433156,3.3425726309671697,3.737677249618459,4.380624461872657,-0.34377301969294316,0.44084787871378645,1.4772856739625735,-0.9352499254196807,-0.8834090348967278,0.10204267424649895,-0.43101868113189074,0.6246024957598808,-0.8155862116647419,-0.7361317091639616,-0.36219458875261556,0.5955494220387619,1.0530574936479922,-1.3790912585309343,0.6399093260361504,-2.248224193148842,1.019831247091629,-1.8803367109071651,-0.49694608347908287,0.5623136947347829,1.0739010422733808,0.4545376166044876,1.3176338885339116,83949.0,166.1168631540931,1
-0.46330757653841514,-1.0814829746406458,2.4863502599556933,0.42568258158953415,-0.3871503296821815,0.518442432954403,0.41831977654672364,1.0240169976171356,-1.4505555185294239,0.9843376070815868,0.9056966040695844,-1.0401410090026944,-0.584385107624319,-0.38466663841062304,-0.4640299341965929,-0.8856744064130971,-1.2656621954243017,0.3215397062599429,-2.772999949888975,-0.2601201564182738,0.5345777306116539,0.7367062025092633,-0.8181297276881392,1.6047070318682413,-0.8629927611638994,-0.42921459165239967,-1.4780402257634058,-0.6851870224231623,156082.0,54.32666171791479,0
0.12726841122583082,-1.8063595210836054,0.7671486322996173,-0.7050500896806735,-0.4380713222463156,1.4512468892251833,0.9344475176464853,-0.08796685857963324,0.25858470914149834,1.6933488662846528,0.3304255907518141,-1.132697317969971,1.1276803110200266,0.8486238281305275,-1.7732343461875297,0.038085164338352843,0.011233539296112418,-1.0524385530862133,0.5130388941859134,1.2674696042759368,0.09646222319895725,0.802933859942314,1.4559289649129659,0.5285303758312438,0.8223853206504893,-0.5195964980101161,-2.2998830083469897,-0.45109089853614875,145949.0,74.86746707962499,0
-1.18719452785014,-0.0592168342747372,-0.5011703753276925,0.7904535745882663,-0.25517146104015803,-0.6633275381969044,-0.7191677959584135,0.535985181195234,-0.05315904577368031,-1.4347475953738504,0.674538947061455,0.10201875230601855,1.2766357672622681,0.48452430693236004,0.12363983256198163,0.14644887063547343,0.553813890412227,-0.6099062760700631,1.3029414911294839,1.6340291150570545,-0.8950693672029036,0.17766378461192828,-0.9051626012080888,0.7897186173220335,0.20525939187023462,2.108520241891013,-0.5669579633538447,-0.24838706140204794,147674.0,2.027085173571674,0
-0.5793015965026732,1.1056849586628463,-0.08481903902671983,-0.4873194382866741,-0.22807918887443684,0.005304473599095792,-0.592372433225022,-1.0699783264909495,-0.07711326074737267,1.558962088585177,-2.02411921591897,2.3388249669808308,-0.4201192945957451,-0.3380164019021329,1.5487410008250113,1.0513801309768942,-0.814358266715736,0.20570571422242825,-1.4843793937045384,0.5595903003054135,-0.027211646992229728,-1.4257662128068247,-0.04540577969100074,0.612856151670889,0.8587679146066048,0.9356322665638785,-0.2601644069726063,-0.1850966331446845,146322.0,105.7969678154124,0
-0.1961959728044967,-1.5244469482118754,0.32622342088564454,-0.9229509153903888,0.40709842078875075,-0.3592103998349385,-0.8266721120953349,-0.640842923301716,-0.4098521309693735,-0.2814051907034551,1.1930573955749926,0.6775752807378284,1.417835912756161,0.01969695409035235,0.1626353923568236,0.8738441718089114,-0.8635602043667733,-0.9831393691201676,-0.7474045218161459,0.15943225381940918,2.2833718701958925,-0.6799210152225735,0.20734821032640938,0.37445300906894796,0.9856503419580291,-1.0802132168928023,-1.5472939254842701,0.18967059066692482,147390.0,0.0635701596365692,0
0.8987638721004078,-1.0880355853884272,1.2104575895159044,0.17859086852485911,-1.2710322515652643,-0.7385999407848944,-0.7549023733623218,-2.2603314469504845,1.437884679082221,1.4863295629308773,2.3406017242962567,0.6880430461880194,1.745978299626664,0.21514923965296415,0.36583566309110893,0.24136383661414967,0.20644193477699802,1.5497466168109308,0.20046343767387462,1.7263683199579762,0.407080053435528,-1.7341024835049446,-0.9914492786563541,0.9776259408025593,1.3432839023066117,-0.4789472245323946,0.09426893392765145,-0.17965143000804687,129071.0,36.833575741003045,0
1.145222007454132,-0.7432748910532813,-0.48913309167015023,0.7707689771249504,-0.9310420569169968,-1.1893794535473297,-0.0985117341791574,1.2203670238156388,-0.4236059554266051,-0.38046443247848055,1.3349040505613563,-1.564185232300739,0.45899293306504396,2.0387253268424574,-0.9816304224807558,0.3180424036863109,-0.13825249919935503,0.10104175249077593,0.841215220940207,1.3977818453395645,-0.34416438278937983,-0.372298529842726,1.0541499366888587,-1.1070182661529318,0.724422701801491,-0.23384035988526794,0.32122928991236027,0.4007447563423153,130878.0,47.88726161491975,0
-1.323527792484255,-1.1294966463420033,-1.7413190846044793,-0.6338514911946994,0.2906332958993996,0.06066116530180276,-1.4518241682250626,-1.8984114568353165,-0.7234124407874218,-1.5771931584690018,-0.317619935485151,-0.08296286156199097,-0.9864176798752928,-0.6176238732706653,1.4312943656455999,0.18567640720276557,-0.27357244075786863,0.35402000882093554,0.5415411188174408,-0.8668198810289612,1.7075045987080133,-1.3071500069499664,0.13804166026342127,-0.32063072676002347,0.8034808820908389,-0.757405236503376,0.659496787944655,0.16253039172894207,70594.0,60.813469522962876,0
-0.7946423659870495,0.37942788833458474,-0.2796418131263074,0.3306255560142178,0.1455828113203634,-1.73206500043516,-1.0457273769897157,0.6812752339467935,1.2461123127354776,0.5019671117052359,-0.8484432823542128,-1.2421158588263228,1.464097243975515,0.46706897898998884,-0.7670126540824712,0.18954167883885445,0.16668089065513028,-1.0506052815330742,1.1590681661735085,-0.19340255942974446,-0.7430884347984233,0.09032582667347484,0.4069539385791633,0.8627357389547766,-0.08494205972287247,-1.9713520131114382,1.5868658258922064,0.506990038192562,156592.0,120.08045124204057,0
0.6469034225734218,-0.8073674450444858,0.015385457163756576,-0.09349163940534987,-0.37665480890873254,0.11054315082449953,0.5775282890608695,-0.8306768902763364,1.421283766969503,0.9265780983781147,0.27746423253998465,0.713292783613047,-0.16767867387969393,0.7263679259819404,0.8017739839649827,1.6236385765120422,0.182014097279489,-0.9303915993221248,-0.14833362829556263,-0.20134023734098286,-0.11535475123325051,-0.16526101479027186,-1.7247199748278832,-0.6789839588330563,0.6653041854834472,0.8547836098715498,0.8300145350349918,1.3966003720287106,143993.0,89.6382260575866,0
1.5075802158255056,2.778485263539798,3.60953796873524,6.324433649736143,2.926087594359018,0.020951935487753776,-0.07096271518980352,-0.9789714678175792,0.33885878318003165,2.0959628584454064,-0.986975862488611,-0.2869006314436612,-0.3810353696856626,-0.9530543839118634,0.1073353070066678,-2.4092232133550078,-0.9578101624450821,-0.8126633769510424,0.31068541216682477,-0.3843275162797811,-0.5057691043705048,-1.869106828058121,-1.7925731668113478,-0.3953687236517433,-0.8066918569814999,0.8274091481035831,-0.37328451029117565,-0.8180595099020374,14961.0,227.21215985616092,1
3.036830135047633,4.083305398682311,4.816690136182663,2.7914403188369086,2.665575296830073,-0.6577502989238833,0.38295479089808016,-0.1950308753872482,-1.7400278001387892,1.7235977300290997,0.7256715418156028,-0.020692939337798557,0.11346388589678699,0.18922259455257218,-0.9591110708353778,-0.09863159678669643,-0.70039417192593,0.23874231663633844,0.30789537227467245,-1.4010665907068656,-0.19651639151763423,0.6990786806755168,-2.7996069499813006,1.209667309424286,-0.15134459292573893,0.27430993623361655,0.10925366342943829,1.6761825502971635,164494.0,200.6833943559131,1
-0.09728692567008902,-0.7555146309686842,0.3166870783059282,1.3841716005395124,-0.0583551638956689,-1.0109035699099629,-1.889260483214151,0.2664121797515524,-0.599710990248877,0.6952420594585922,-0.5254104583773097,-0.14740144512050724,-0.5402019868913284,0.16343299625574234,1.0271814923161409,0.3897542652017828,0.40739333712553555,-0.29612572521907604,-0.5196581886259074,0.8442973203550805,0.7494300169454982,0.7258967168225784,-0.22897813255314262,1.5293200234107645,0.8454392376656482,-0.39640922334255296,0.6166008176130887,-0.4229599758447136,138968.0,35.77365690117804,0
1.2570149772868198,0.43278009778072224,0.8129169716359846,-0.05234628843888603,1.1807324731914441,-1.3843072816090523,-0.7838532661601295,0.612106479200305,0.6129031492190553,-0.23770729862436754,0.9606636788896226,-0.6424284757395594,1.0704305181156566,-0.4698030021074651,0.015379355374657679,1.2068947914875696,1.0753853526654247,-0.31926634265405124,1.0826566251012975,0.07838256540055799,0.6017974571158343,-1.3359954175882243,-0.2685159042092576,-0.5574672651797477,0.043113500278903934,0.24091374687337835,-1.0679594352017188,0.6909467540619021,23544.0,44.47342504283894,0
0.6894039005707556,-0.9713851718820432,-1.1011136939248025,-0.12676200367229015,-1.0580507513790518,1.8713284109777402,-0.5554226527397299,1.77163168499441,0.017723509204767802,-0.5206516306772168,1.3621361149072948,-1.580271071977074,0.7757240243235464,0.5675824984115184,0.17872202859416314,-1.0172432340986868,1.306554777564069,0.2770052313559863,0.5150357814395436,0.09248738475884148,-0.6796057187367639,0.13482933347667447,0.6859163532666014,-0.7618288627660841,0.541873684173299,0.6835316740920018,1.3599631813538602,0.18599390552516687,117152.0,29.175940235620708,0
-0.32721342022219785,-1.2121385142152894,0.8679014884245477,0.7216651115364379,1.5233180466501626,-1.3419720641888278,0.03253481475709576,0.3586140577716431,1.5540755781222215,-0.2948729455419331,-2.032251914380174,0.5206899850585894,1.2179158146039661,1.0284925619559264,0.4521404676553538,0.4239104365957539,-0.8781346915483236,0.18818257881648104,0.862942205749595,1.3189256212295843,-0.09185539049580978,0.6835967896219105,1.4496367188690265,0.6042300393578096,-0.9630793216772068,-1.0621166288121449,0.9244290678812064,-0.27074313578551823,95835.0,38.97561622520531,0
-0.3685758940999591,-1.8354492891909227,2.096219831656284,0.8939905665405024,0.8439814653804283,1.5577023595501258,-0.5862841716541372,0.8811953630627418,-1.3669145292910931,-0.8309322268026308,0.29277801084729066,-1.4419023190761806,0.5803586316075424,1.1302281468762025,-0.021506831090550398,0.9389920618182219,1.0489579670919722,1.4294542196837954,-0.47915716601240227,-0.5293534172102649,0.11747287947959839,-0.2829508432571266,-0.2922968539930258,0.29939428528312795,1.4654006981529588,-0.32468171421007863,-0.22918198742618354,-1.9349444892987728,62715.0,15.691133536310275,0
3.2498045994820752,5.361202786911729,4.272909290250178,4.7670156409533915,3.047036262690061,0.6001647598675174,0.9332146265064265,-0.5984890098461115,0.6783809753277635,-0.2745520306052488,-0.6982812080679572,-1.2396162848183372,-0.7946657376816538,-0.19181425603403757,-0.3787138564058958,-0.36830700736992145,0.7159360506449758,-0.22822113011549275,0.913416113638797,-0.05333711124753127,-0.36493192231733823,0.816344525267775,-0.3073446014442626,-0.6211290944306759,-0.48277273692319506,-0.5604204730824849,-0.650178904432088,1.6351282966679992,129387.0,168.39472020412222,1
5.023529400456161,3.1797409678690034,3.7535557199407177,3.828651735135158,4.283074875463086,-0.36402096828488034,-0.05827611623345148,0.7137213125560717,-0.6270332596758856,-2.544527423876093,-1.4097799402187932,-0.3565820998047485,-0.15963277849139096,0.18987712760869827,0.46617293225735457,-1.8317232269439891,-0.06657684854664833,-1.0329691077317291,-1.1301661425640124,0.25665991381283226,-0.0017050550249315493,0.17602527017664843,0.4131486115040314,0.6181004027904815,0.4914419186709985,0.7430361159787727,3.895566624599476,-0.7311164131513397,75563.0,175.63112144744792,1
-0.4280249425728672,0.24393336794842915,0.15398818840774314,-0.6003963897579253,-1.4659034168620872,-1.157076843721668,0.017014160597581412,0.153268753030147,1.3230414182710477,0.17886806595959046,-0.6173429155259618,-0.7650471184847458,0.8753796664879903,2.350660528451973,-0.40475725906111915,-0.2827344614092049,0.44826403850744734,-0.045593911322147206,0.2884745232951227,-0.4052927477017796,-0.6701696404775235,1.0242221323435112,1.4935030046898323,0.5769537672025509,0.07227406829265871,0.2913810776431521,0.8627340191928101,-0.7620465127932553,69566.0,9.885401949905082,0
-0.3036803883647294,-0.0310495089807992,1.7871422390260032,-0.5376461041840627,-1.7315749451612408,1.0424934968599848,0.013538172992502411,-0.46318420393523657,-0.07511696274474816,-0.02893509938762899,-0.21893387969914538,0.2027334486785688,-0.406941592954486,-1.103638206873405,0.06535147759839442,-1.123709544986411,0.7873875926068764,1.4087588894276808,-2.6591318644923407,-0.10407550567084695,-0.6838771756295924,0.17243702861944774,-0.8626562746510267,0.11598827394239926,1.0296328455315837,-1.3281688624853945,0.9645860387014092,1.0854222828459659,19451.0,42.28202086139595,0
0.35258906728526535,0.15996175700726273,-0.9271814833908629,0.5096531908833498,-1.2897822561511796,1.7296511967420785,0.7079854494341167,-0.09597931576723495,1.030645799727255,2.565874388859634,1.033687241206948,0.9514763838152778,2.919972980693223,0.22186956006800923,-0.6676842633673497,0.7280550785027063,1.7381753104137836,-0.579689219585884,-1.0869487732891128,0.7184977947921232,0.07675208469997216,-0.16463205088629668,0.5891286544041592,2.9051114012581514,-0.288203107202059,-0.6206080761380287,1.8431399252542693,0.09964848258094737,101555.0,9.57926614788321,0
-0.12077044508645512,0.04968647937437248,-0.11110235795404999,0.5808998706077412,-0.4097464653141918,-0.9340244088098164,-0.47162071221397295,-0.062055102323837846,-0.6475290860836443,0.7587409908354298,-1.521407266318214,0.1898808045485561,-0.24230222794701078,0.8899739687197723,-1.4900950585156818,-0.7737528710841493,-1.0821507306309959,0.014125674315022065,0.6238279558375855,-0.00809755522588777,-0.9740380158798019,0.48406431009957346,-0.28496355445366245,1.3640801284125208,-0.9070272384175375,1.8526555951506232,1.0070643281812621,1.9224403199429765,53719.0,13.119339512670388,0
-0.19728422796572256,1.9082170392026987,0.4602075929382135,1.3980509406964945,-0.3254099689496813,-0.2987452058804305,1.1223937822732857,0.19111925252731876,-1.4094988115389524,-0.48022023556553617,1.0508125871575025,0.13811676891657962,-0.5863893597718401,0.150120905388304,-0.6731735666607231,1.8576746498021062,0.5613413217673499,-0.38633441339867175,-0.5396450965048303,1.2483880992270917,0.44087701839354704,0.7452344078584903,-0.37259865821432653,0.8332546469189495,-1.806710922917751,-0.9879009924103683,0.21851329147504536,1.7030258112221937,52649.0,6.193657830676877,0
-1.1140671431510563,-1.0389265909571472,0.744001107813199,0.4184304554186962,-0.51514241714267,1.0516237647937112,0.46005860268931037,0.40139117892514714,-1.1103830859646842,0.5647343909413306,2.0180629118827054,-0.03567137623409534,1.1489027416429072,0.6559706945400944,-0.495141835900159,0.21861622431829467,-0.1732029276565191,0.36502183621259204,0.0715949171833287,-0.7042931299059496,-0.1560870441465753,0.23221722714212056,0.7787578403060196,1.037406019379758,-0.21211319483572383,0.1754584110667245,0.7236419100051811,0.7311276466178637,123462.0,26.22915308653099,0
-0.011521468038548173,-1.557462106098177,-0.43732790570838587,1.0601682652577384,0.09942269056475599,0.3357833600268427,0.15403693654833056,-0.5088903707267912,-0.6066990421057259,-1.225766117284389,0.5974410659169651,0.7990423169501315,0.747737741708954,0.17268438991189788,0.01480742515790213,-0.7282681392409747,-0.23960673158825108,0.21920276263024543,-1.6873916960622264,0.1892859949617333,-0.8660276307201652,-0.43912027126386255,-0.8289405127799495,2.9291159192464673,-1.1016357792620093,-0.6343734646307334,-0.9309789547164578,0.27531604820871314,162900.0,66.91779669654287,0
-0.4435812229744192,-1.0119596684843548,0.3073213947272354,1.5167710347839571,-2.1351539077186805,1.9999609561561535,0.041736487547873846,-0.7407734445397961,-1.0248136400360917,-0.6026919072616194,0.5459412497223737,-1.904824258734936,-0.027925718607454866,0.7536563860216989,1.18440129968758,-0.42747062949914977,1.103541627137481,-0.8323554722175304,1.4171677433289405,-1.3389908683752614,-0.5649766870020764,-0.7669603188819188,-1.1071932333926136,1.1104532963167641,0.630827184737963,1.3122178491120995,0.7360739616241593,0.7843900166149962,95268.0,36.16463371957179,0
1.1661277761902227,-1.3347090097585461,-0.2779214813511223,0.16480054453110587,0.4953494063515442,-0.5701444494713449,0.5203039678826298,0.7474715849527429,1.2004613349521795,-1.8675947131653348,-0.01342261705328969,0.3081429663863253,-0.2302441998980794,1.2825630917298527,-1.6894701473849802,-1.0150437090602593,0.7777429492578867,-0.25845661622421795,0.48494838949615693,-0.11095176955261209,-0.4339846629181012,-0.36747618561482354,0.6291700569933669,-0.6624676005724781,1.5397660038478735,-0.048168508007145665,-1.571282301660515,-1.2898402842074697,161088.0,43.29451761266572,0
0.6530885027011638,0.7469620524819425,0.12047113280127958,-1.4855586515906856,-1.4193005788923314,0.5422912083695101,1.0153915379290526,-1.6965510100325887,1.3389104562017906,1.4362595228687993,-1.1750402358453063,-0.9918242237488746,0.42650310723493123,-0.22140932010039457,0.12859445180154883,0.4666669289229176,-1.0402897740218773,0.8932546060530534,-0.12445125127948695,-0.6592883212479602,-0.12403131719055836,-0.5599933880056348,-0.06220318635361304,0.3529798371324824,-2.135391452205083,-0.43493740160677635,0.43795537542880697,0.19461469585973792,160184.0,39.19016743100764,0
-0.024143613009932233,0.8203782095377569,-0.13209154037389578,-1.17927708650058,-0.6608506052253199,-1.2509279699416667,0.9455275503849921,-0.6182066508272128,0.27304647925609304,0.593339970208681,0.5348273272674973,-1.291911564924332,0.8355328530048087,0.19750667197620375,-2.211925969745403,1.5683170214779107,-0.31427725390698963,1.044542498176824,0.3079409950377264,1.2788118901638987,0.1427409282883189,0.18726007978253092,-0.30072881997719436,0.11148596569350089,-1.1976756757109206,-1.2009502042773588,0.5753343079319383,0.17047460175896598,82153.0,9.222813938444773,0
0.6683810232673438,-0.9613155451503265,-1.1415936778555495,-1.4378028681905122,-0.4128504662929992,2.0958917304990465,0.37586015781087595,1.552617596079063,-1.0341950851642274,-1.175584277134126,0.384027484193467,-0.05416830837084634,0.7627139856969833,-0.055223098700171086,-1.0458633748460648,-0.13837326366132777,0.19240021975504926,0.8746459484774326,0.22183084958053076,0.6990207242205849,-0.17164231252546033,0.15286942441922233,-0.17031016867282392,-0.5142143365166904,0.40466249129092574,-0.2365448814601538,-1.5909937748000933,-0.4466456205126244,44090.0,62.28096121109463,0
-0.3398695517131494,-1.3904357764629918,-0.021113585023446714,1.5915903810140994,-1.156210636742483,-0.7303408122882539,0.876718754937285,-2.7071976918835214,-0.11837075316327383,-0.060487580657902634,0.7315929097038576,-0.4462978941240577,-0.3016623744917298,-0.40362804054819607,-0.5070666150315258,1.0019855909553184,-1.4335902831774603,0.8155507485498541,1.2864222702365513,0.4780933010643318,-0.8140407155902057,-0.09254969912237318,0.460685477398485,0.29411242258713505,1.332382072691953,0.8764559496904262,1.9700995895750764,0.27635454791157904,155503.0,13.175073737967217,0
1.052126358426947,-0.35479665314109476,0.8771515220618357,-0.8474085948289408,-1.3709996686375883,-2.2079670292951987,0.11835818574354019,-0.6930520217455941,-0.6859754110078202,0.9497681980377854,2.568840348853762,0.5242703134952093,0.4319132184484404,-0.019633244417659332,-2.2530717021994184,-0.8652294299786499,0.8235242099095664,-0.36118748984991383,0.11046403017830407,1.7333291687890113,1.4254065025698217,-0.013327060817686302,-0.4070691724063869,0.2857976182875912,0.4012787543357641,0.7146059185855564,-1.171414780909402,-1.4327314690890856,39579.0,6.032062635069337,0
-0.005399560671626605,1.3911238778763935,-0.9670182915416742,1.2318415654122892,-1.0060816652143074,-0.12576402125962838,1.2524901993132729,0.6877193893369612,1.4540744618242487,0.49510858154752,0.7277809400280537,1.04175047728501,0.8439518250118626,-1.1316461240374465,-1.8577198654043032,0.3851951394929395,-0.10681919517047953,-0.3914960991863889,-1.5401215844679188,1.35625291039602,0.9121006232806931,0.1538746504043911,0.7298805968876976,-0.013937199845768088,0.419791350994624,-1.3547480155355922,1.0766070001595542,0.9220691587612084,26726.0,18.05239261497622,0
0.5833823541804138,-2.819569417798316,-0.24109174877483452,0.5857319115638746,-0.0119236421411786,-0.13943062111332058,-0.02660650720976532,-1.650321204407729,0.3159435147081929,0.38227703686063674,0.42571167956217204,-2.3846573884820788,0.7649702033838846,0.7445184105973752,0.1540426163421994,2.3810252617725878,0.12865615689498633,0.8809274819050994,-0.34979784852767076,0.6751062315563504,0.13887722170078065,1.49437261229076,0.37821787347715896,-0.4343597407780873,0.6020811190693127,1.6336291551727733,-0.5339656211098539,1.3057146167808287,127410.0,85.45007855181528,0
-1.2908932453234871,0.5266267690158747,0.6647800644571485,1.7152691268390476,0.5899821790594377,1.9155715125617905,-2.075139274724183,2.5981421213573275,0.489436540139685,-0.8578421844076598,1.5619313213697665,-0.1313375002747724,-3.086336420995037,1.7024497059463062,0.07775924350633945,-1.3284946101110537,0.30033719977496576,-1.1865919545055077,1.1568107015497964,-0.6486273079018399,0.9567836707965479,1.1458598728730214,1.4472065103415683,0.8503633600433363,0.6715984150502274,-0.2388929863060008,0.3264198550889874,-1.2676018250169105,126750.0,5.161850851248612,0
0.34668004887842974,-1.0757552274485853,-1.0698651067471732,1.0030938194878394,0.5642351777039467,-0.33881964538374293,1.3378825669523462,-2.5884035800661573,-0.3996831187231492,-0.6372451036821263,-1.34521605927,1.8993480516158663,-0.8902634984127277,1.704511392981544,-0.1137886343124333,1.3094242326248364,1.7584118582326072,-0.09019400625129621,0.45761825428713,-1.3594681733556706,0.34900784410551494,-0.5672837544192306,1.2309670557319146,-1.5178578858208895,1.7431533575071023,-1.0756432695487685,-0.6655103529623536,0.16728514419131824,165309.0,7.291450874788637,0
-1.6882041173665416,1.0403671465412743,0.18263833750815855,-0.10237026121340073,-0.9944910382704913,-0.01264374414209581,0.10785108802531188,1.436559451088065,-2.011321605418308,0.09515234885005595,-1.1427026079332272,0.8085818577061741,-0.7758654583957895,1.2758541121801936,-0.8037242517295474,1.250789158125933,0.004322871270964125,-1.859496615231889,-0.511353469254323,-0.027958684213147362,-0.22074220256380728,0.39314587093394326,0.8220498387770551,0.8463247668949406,0.7090885179919555,0.14824383650370007,2.5598201857306844,1.562022660057192,3173.0,53.22810743039663,0
-2.0353289449399323,-1.077923940876752,-1.0601298189534365,-0.20003045039326856,-0.791577148211955,0.5934388719127812,-1.1710784450654783,1.5573413658174553,-0.7711343497665389,0.9202555126972911,-0.3752064933457484,1.3873896614900512,-0.23032533371901243,-0.964125049508175,2.154370330287774,-1.802894333030277,-0.3855964647018012,-0.40631622023583697,0.49740152413336325,-0.3344563680072826,0.11365038108460015,-0.3293792682376971,-0.23888135538556035,0.05081412505972293,-1.1497405353958807,-0.6287324615003296,1.0655354239641806,0.4394421546129453,63438.0,74.8807650507809,0
-0.3044768777114372,-0.2854158272158405,1.1346305008337747,0.0851677199461466,-0.9206031646499282,1.5862706831094824,-0.19822370723278251,0.9163523659162329,-1.116632178794185,-0.8288668872680657,-0.6549292683730847,0.04279482471348899,0.17908644849304264,1.5197707544185122,-0.1612464780714021,-1.3572994189199026,1.6912481825402035,-0.7275026446218888,0.014303010854832487,-0.6085841632590172,2.621475474614433,-0.10698360938439094,0.08259828723821297,0.3099683499831923,-0.37921221573796604,-0.5842359694890397,1.8633616807445197,-1.0044131181249474,93142.0,47.67419778836232,0
-0.8999276075985952,-1.5062791006395633,2.3128213818798624,0.17526095189885732,0.44981231209647754,-0.0632296144127968,-0.8838335765102854,-0.221585572133446,0.370254803468075,-1.1214000337070544,0.6939333614115818,-1.4942840123490642,0.9214343969960073,-0.7154106057876156,-0.8621108658034503,-0.8990843265846195,-0.5281680265342692,-1.2179940693482352,0.4966756688769509,-0.2732823835151022,0.9953876338112895,-0.24838645743698298,-0.6291599111802049,-2.2796808507038304,0.305212483271167,-0.6397242459634329,0.8132808058894113,-0.9612820538123665,68002.0,69.57758930370092,0
0.16405279571222256,-0.9772578504980973,2.0222552842457637,-0.5307436711234165,-2.037420180518552,1.039477893587884,2.100209383299386,0.357178202632452,0.0965402757820455,1.1440299204072717,-0.31744121690980154,-1.1839404869912722,0.6176852718124729,-0.05305953214231739,1.67839849615115,1.0457704813047854,-0.5510498664007041,0.5365689399913022,-1.6519713382425918,-1.5566118612445081,1.0430465990549296,-0.6154307262645476,2.8181814897843003,1.683837965903737,-0.7194513047464162,-0.07889354376731891,0.7250502391545722,0.8710711588955271,2225.0,34.94222863472769,0
2.2447566264860495,1.3858391630461182,-0.21918067777313757,-0.03262829758865476,1.2383392605822288,0.5180845880609816,0.49768494758334,-0.8972498901962916,-0.8016272981075697,-0.9303123324411641,1.739933840993579,0.6527292935991514,-0.126952653853434,1.8461708644688914,0.6143095732829928,-0.3518932416058189,-1.4047050782089816,-0.7561160701333133,-0.9781060183600713,1.4031428637873433,-0.3530303861456126,-1.3245921941005572,-0.25729340468998296,-1.6494744558839756,-0.16713872642811367,-0.5038026139335896,0.1676687800424145,1.8467870213690916,9438.0,19.65009842464131,0
-0.8317231814120817,0.8205786858900587,0.7401991287406264,1.6093200620023946,-0.48480487528966326,-0.2962353347619622,-1.5687111746440843,0.8093246591468548,-0.38860889751031363,1.0771617030198068,1.520447420011998,0.899899843603743,0.02314230368486092,-1.0719093488661091,-0.3709406248695956,-0.09048811472096335,1.0394208220873795,-0.39414350646770446,0.5521004277058318,-1.073647006608184,0.613422957143344,-2.3852992177819896,0.5210647190247001,-0.8030834216562268,-0.43288496860665354,-1.7571049546396174,-0.23018759957157547,-1.0586612669981275,74808.0,5.638854960248878,0
-0.6239435864439059,-0.40166815215067564,0.120997728500156,-1.7021383108256534,-0.7835248638003831,0.07755444199107894,0.5461645463688639,-1.1198649121211575,1.5664767521889957,0.24305486196941994,0.7700710469588443,-0.7904852842461738,1.7591199504893373,0.8413013447997048,1.192683076608728,0.7842958240750518,0.23859421895085023,-0.28625121018187755,-0.31767115601857304,-0.6326642354419459,2.2240035755063574,0.17828371688571776,1.3250671333619144,0.671210463730144,-0.6088336283841365,0.5545848270657038,0.6378431198649028,0.058798597856330945,40513.0,2.5843576438255305,0
0.2054039460646989,-0.8701723702042559,0.10210589606928461,0.258488139526861,0.3394537959075636,0.028673878856744103,-0.3987399548212523,-0.27387393355938466,-0.959343059361819,0.8810473236806646,-0.3859917831558005,-0.3272524760945799,-0.6127638640025379,0.2812697757741139,0.15666728551402667,0.19470808669171086,0.4359444836485938,-0.756523617389521,0.24426964783997704,0.5366826480751559,0.44454151696119837,1.1239665182503895,-1.3987427564801524,-0.5504283392845656,0.7910889597955743,-0.5265317811222416,0.18016417946423624,-0.7508478941692822,63932.0,1.4101054250694496,0
0.49301329141235634,-1.893807136511814,1.5477570609378302,-0.9069528059807551,1.0326190551063525,-0.9160246357175322,1.916783335900153,0.996249279669319,-0.9179542036291249,1.744380193474164,0.6169505608345559,0.20259113988332061,0.30448919571377375,-0.15209282377948619,0.6431370583811538,0.3024481701250588,0.13395244168891743,1.3648569113291242,1.816222645134222,-1.5334734615139507,1.072220744332524,-0.8880460655274546,-0.8611981361354787,-0.35619247216738126,-0.2962111272536811,1.2514962926321302,-0.13858925464754046,-0.2618929560032536,157137.0,41.94095495125701,0
-0.1764060659057582,-0.3936567119009843,-1.319179576184154,0.18703708280488074,0.34258325688492597,1.2136807544460992,-1.0526966000871745,-1.1143029063326964,-0.22834228588711192,0.6886635415394544,0.8110593437460868,-1.8091007436165183,1.5654991365748083,-0.8760409515334419,0.23480436619205955,-0.2446400675392772,-0.16411859069294232,-0.5182880778597169,-0.40453863761754294,0.8678823794657184,1.251128840133455,0.4717792594581946,-0.42965497856363044,-2.1416085860316065,-1.0021489293114727,0.567267729050484,-1.392636381326869,0.3281730512824761,1827.0,20.32387426127795,0
-0.20593033025321647,-0.030903252586298,1.0552945974661148,0.8398557752082007,1.0527444573186129,-1.3856202526681707,-2.2470295033213277,-0.3642685563604373,-0.6991369291289403,0.7760318939675841,-1.0665716454863634,-0.4089409495039582,0.345924200793742,0.4225036730414013,-1.0284253434289399,1.2006686837679206,-0.8072853919579921,0.16066643836549876,0.136536299704323,0.8838756458222886,0.6547185665008,-0.3881446859163073,-1.029600977340378,-0.3843963651764809,-0.623805504066076,0.6510443256039791,-0.2962835165032156,-0.02037095362728184,168800.0,29.31334769254382,0
0.7024629551205442,-0.08405435783448403,-0.048975995155734274,-0.05761018045769089,0.13435881665376626,1.1711689225508208,0.06586917972792136,0.16426482553508387,-0.4287473564158551,-0.9178351249366532,0.34877973194692047,1.5592748783005692,-2.0435157961967048,-0.46379211646728297,0.9712046378788782,-0.7014833507813638,-0.8026215818626121,-1.3162188080395805,-0.6445480216240754,-0.29462136388684923,1.5593749352322446,0.2529292807497569,-1.3032439074604363,0.2500238025173812,0.1322196349769108,0.2007421729796257,0.6376933578236438,-0.6609568047826214,170785.0,52.601573288524264,0
0.5199076370338984,-0.0937919279761702,1.4085406206041422,0.7729869198484017,1.2296386057077333,0.9544193291245788,-0.34802734954971914,-1.3417883398686528,0.5314487039641497,-0.6951856812402656,0.7061137861208042,2.1266978442548625,0.3749276361461016,1.0452559033115274,0.16045813731623795,1.751363840462218,0.3977433239326282,-0.49772963467198345,-0.7108090011659582,-1.016214436116868,0.25311782426678103,-0.7938155421382233,-0.5510290547214669,0.7066216942825514,2.215749811116787,1.3534879569266336,-0.46321080833522094,2.1127694059853397,84820.0,22.94669909144718,0
-1.0336758320736887,-1.121809627226926,0.18723336889944325,-1.5898394013841861,1.245160038618696,-0.09304925807986311,-0.4165857348986773,1.1643724970832783,1.7322241448990525,0.6439465233080511,0.2164637062487031,-0.1671329599214533,-0.3873552341357673,1.2242895671454315,-1.0093928753736927,-0.26182619958149217,0.09292809370911788,-0.3505414506703175,-0.17278765019910816,-0.44672551920103304,0.512009250299914,-0.23998948081441512,1.2595180672589514,-0.23788595009181415,0.3541795903763244,-0.32668990136805043,0.3756911081949457,-0.13677633909134854,21748.0,36.169900171366976,0
-0.07918131861584184,-0.06627388536561797,-0.6726719945261853,1.1069891126654727,-0.09947878933206503,-0.7654443474737392,-2.141239161151281,0.34077409062220015,-1.7794939072860558,1.534260825361999,1.5711101324552066,1.7726801491001971,-0.11310119375978418,-1.379307115794901,-0.7629219168309918,-0.7217318023591738,1.5851647636713733,-0.33420048928723717,-1.5201858809914437,-1.7452413528628716,-0.5796970040234681,-0.12371528276423764,0.6911211378486938,0.25730478501770687,1.585343114804343,-1.0156732617385473,-0.12567563647329694,-0.16008504851862992,147576.0,10.190681309160887,0
0.035286848661474135,-0.038673379535105926,0.27714037675138314,-0.6031292426481158,1.4392058879269531,-0.22642508566190292,0.4268093511974458,-1.515589974390532,-0.01824435092612215,1.3921020725474555,1.2141630011284508,-0.5838896171456969,1.051013593051265,-0.5052629573080306,0.955348704638406,0.7224997695173018,-0.781308056688434,-0.606619470978698,-2.1571541517733324,1.3094407262534855,2.590268361396618,-2.3099783957388853,0.0016379954386703556,0.471773491730932,0.5913408475556762,0.36880882188194036,-1.0362467943138527,1.1228956625360125,137605.0,24.925516440861763,0
-1.0544846220491104,1.2905620378031775,0.7359670950296834,0.6224080697923652,0.16473370131349793,0.4727746579951957,1.673345147842607,-0.04696914406391586,0.04143852296539239,2.3166654436441685,-0.8255823758714205,-0.8691100871423045,0.46953422854949006,-0.31907907909091787,-0.3693728394274058,0.5267119005246835,-0.511088265811384,0.10823817859423665,1.2350969695559573,0.05116552374232413,0.3244990130282306,0.19011115093037395,-0.004699959790727569,-0.6162237451224496,-2.0648596826719405,-2.802652288431484,-0.9050238842687753,0.032502208028564544,37395.0,60.33059292265946,0
0.25983910067436333,1.8667334543523622,0.0357636741111941,0.18244809597646958,0.08689322030202752,0.7430584393639317,-1.9090490809054177,-0.7753351714990938,-0.08393210757250268,0.3108907726370548,0.1244823387674686,-2.2970588852128215,-0.26404150517685265,-1.1817118279272212,0.04642992138353912,-1.9047418307045632,-1.0387731455624398,1.4986806267677992,-0.20090864440868836,-0.6948131005561364,0.13667775235138668,-0.15065842958894057,-1.6947751078378626,-0.691004623031377,0.4750223797267876,-0.37005734122140177,-0.7378985303745971,-0.18095803091632656,69657.0,30.054678600464012,0
-0.8579564771765439,-0.13698902691779163,0.4880382765565979,-2.585562179123786,-0.9214736704473936,0.28691896353982915,1.1712236874228787,-0.6575579665435504,-0.1871109551740334,0.20278375795737133,-0.8355260085446332,0.8981409510440554,0.8920095190555338,-1.1179037580361453,0.654528161213312,0.2966018213468473,1.3349549868915844,-0.16270555441106418,0.9988301217428702,-0.8565896551019022,1.3765425800018198,-2.411114759255479,0.664148673355175,1.9623321685552486,-0.7619020446708714,0.2333925111231887,-0.27599034032782527,0.9628838250944733,111966.0,28.529451118910927,0
0.9720667079170427,-0.7663059511758866,-0.521675175701983,-0.7560641214702215,-0.28878000578719426,0.9921363361408199,-0.5687168567540479,0.07674479680283798,-0.34037045590512566,1.0062018544951836,0.5795559473559303,-0.432845061155312,0.4352782296796285,0.08866921313528464,0.12832976171960914,-1.2748029463876107,-1.2483725749486028,-0.16914369366094664,0.01985938512727019,0.5415543305652676,-0.4434857216058385,0.6077051461502246,0.3937991146932423,-0.7889477197166108,-1.2667092142606013,-0.41931461547153204,-0.24616260057373876,-1.0071004483330734,171403.0,32.308971709352086,0
0.1927459126050724,-0.06498212976196366,-2.133883900845073,0.22050836793540218,0.7775827458435827,-0.5574345720274693,2.3490052720222456,-0.7096909210988727,1.0041928164198894,0.01891370627088348,-0.8671482042911687,2.281059413701781,0.10514098927695172,-0.20805552574266864,-1.5266063547313293,-0.7545152308786449,0.7348897516948062,-0.4157531252181306,0.046026602213244734,1.4192354067909883,0.023782701794564563,-0.05156031766449873,-1.115073084514959,1.2503516747662604,-0.9888402786841558,1.3110284615105725,1.1683219030624123,0.7630515087663682,157830.0,23.07197736123136,0
0.08930648576905029,-0.607621275254437,0.900023583773342,1.5539760815691257,-1.3126469097364055,0.23457639850002474,0.43600792104884084,0.964511619934451,-0.4651376280223474,-0.062468362821243545,0.9233112715061345,0.27292594256866715,0.3010079667340535,-1.6518491256565635,0.637408861771933,0.8614733735961194,1.394417109470607,2.458659223521153,0.5558156677981726,-1.2028404605131318,-0.7293843185793172,0.17764795595795213,0.17479814565763915,0.11344449328505966,1.8920569429005447,0.7358282546567365,-1.089953613015404,1.0430579323515077,168264.0,64.57184906914776,0
-0.591028352856274,-0.7424338157462491,0.6991597361842888,0.2872682859036707,0.6496240093252744,-1.5683458108694515,-0.18784437134585374,-0.7046585222440028,-0.1273159323240735,-1.0473649019626616,0.3881451149577252,0.12998503054973018,0.2531147577783259,-0.5381253417284089,0.9383801647831778,-0.7879235859043882,-0.16691099205012352,1.5523350197590333,0.6023562151770772,-0.5428432930245825,0.05004396400546333,0.3285814771908121,-0.22478079449008345,1.4858619888570483,-1.493021994281795,0.12770880970687737,-2.0724003401751396,0.6776382869700829,60451.0,11.351298799172167,0
-0.11860982387769403,-0.05865015192214237,0.1481783846143336,0.25769587977073977,0.34861595126946426,0.7636266588374009,1.105381765888225,0.9817098499975375,-0.00011366593112949744,0.9912201430814315,0.9708345858777971,-1.8646251766459487,-0.3395241709044429,0.5189048726646717,0.8666428782655594,0.4294682136886134,0.6890141407441297,0.5148644037970974,-1.2755683581088462,-1.6612857407605541,-0.34786515587669625,-0.42204245392788514,-0.5503753981258238,-0.5811244105437392,-0.5292436312181036,-0.40346590058198567,0.7257095454627689,-0.157269379882606,94173.0,70.22694415522352,0
-1.9977462929070549,-1.0433044311523152,0.06841056221032339,-1.412684089629386,0.2775614162501203,0.1531762519515866,0.5260284507497229,-0.04375945592615658,0.10749558072187526,-1.0719977713969202,-0.14508461687728533,1.441797690585411,-0.45910003617755746,-1.206249680738934,1.6168120960041281,-0.30585506583846045,-2.132198908977878,0.659621089125852,1.0810842606426578,0.6385369780961689,0.5542188536102179,-1.0587026502121732,-1.0210706676125632,0.551038585137609,1.2588664319982708,1.1425429940959309,-0.443828375321528,0.012035847306936073,110227.0,21.272014817832144,0
-1.1314074705230586,0.6061067511550176,1.0362957693547372,1.4311466965234902,-2.2064921954239676,-0.41557417717472683,-0.5924559759824957,0.855768688652615,-0.17086377675292194,0.5122600918085745,-1.4562931961724468,-0.42106776283227204,0.025161381117101932,-0.9236015079574844,0.36427932049420003,2.0065411882090576,-0.4101499000782031,-0.7292936699753002,-1.048045922481697,0.14791350706170403,-0.09452640013321893,-0.4505867968534183,-0.707640562118568,0.368667780533492,0.762508384301604,-0.6916587958600195,-0.09834741469562062,-1.6839423107101108,35858.0,5.710936592696097,0
0.3628397991887543,-0.10391554918407729,-0.4571067254765605,1.8070769951881158,-0.1032429196345987,1.1615424187192482,0.710216943288975,-0.5413346579832705,0.999245916099387,-1.4191742429562317,1.7658351817896927,-0.21919125967355124,-0.9542442423953812,1.587674260182447,0.7770350916811576,-0.022898412323147595,-1.6679005279864076,-0.18204344268658826,0.0993031509773,2.135107620672834,-0.5516556377767811,-0.43365339899239624,-0.9747523534484813,-0.17772352432742053,-1.6268335158253906,-0.41996230027912895,2.6374742836044462,-0.10944187099942972,128569.0,50.700222733193456,0
-2.1285670418221447,0.25000830685995257,-0.7065340653585184,0.02857504312397509,0.648260007690957,0.6915261487965072,-0.5106958703451107,-0.5052839470833771,-0.008678797026818197,1.0963366130674663,-0.1725685085299045,-2.264490300340288,-1.2588836207667378,1.3172162642806338,1.5892986336787442,-1.1022679533440953,0.14248195254542084,0.1748434609165446,2.3981296225490314,-0.11576634006239603,-0.25693782239150315,2.1224728335837493,0.430030374433219,0.3487374214996507,-0.01809839432616288,0.781759733671482,1.5251445289820165,0.3067664820810628,63270.0,52.10966068987108,0
0.8466085214811634,-0.18294003597067152,-0.18854986949598598,-0.2197570482201158,-0.7629549569181814,-2.8163942417440673,-1.788487967143609,-1.1524652876468113,0.17406088526936936,-1.0288078232676383,1.3766900618169122,0.8683817763138926,1.3009109739634228,-1.6210323936631088,-0.2907278670327907,-1.0323416767300952,-0.018474578564047005,0.08550359599556542,-0.020836986894785785,-0.4119422587360975,-0.08726356433522921,1.7590691087433716,0.33401105164919276,-0.7076945234142152,-0.4256439995389721,0.6251401130737223,0.6289647760093228,0.8800605492462408,24318.0,30.45603990403348,0
-1.7460964753739088,-0.7272544472524123,1.1890971885515316,-1.6190497158096595,0.090306699097783,0.03988324826736079,2.031592193247407,0.5779788230298484,-0.051453153442334594,0.8434821789034295,0.43018233705986886,0.9309286017780591,-0.23969261132208775,-1.3509723423930344,1.736374700339128,-0.8339177733879396,-0.7877323496684133,-0.8725301695937199,1.5297294296266453,-0.6706187772982339,-0.46809054722680704,-0.4933688882616459,0.2912357903392562,-0.03388950754823046,-0.10311633877606027,2.1125052477353825,0.9955701260605948,0.16041325578367713,163792.0,21.32301489838585,0
0.7567385026642676,-0.9479595597488518,-1.387112904264485,0.8833210589564918,-2.3780732690682194,-1.4550239967277863,-0.34958310074179777,0.9377952535304033,-1.0030244214369366,-1.58933546878418,0.6739123153554205,-0.6635729065431829,-0.02400221215988465,0.3772526785955103,1.7346462836594692,0.1986355559831238,0.9070751788258846,-0.7970752958626942,-0.43864775454800553,0.8068502147354959,0.9356275686583424,-0.42219421143007757,-0.21358842787919669,-0.34625236777294505,0.8498225542052192,-0.21461141362530547,0.14843712481822816,-0.366323424478809,44776.0,4.729414571537134,0
-0.8454970328793241,-0.23727600432454096,1.1918299926140086,2.7022793256924214,0.6713930362884684,1.0666598744683562,-0.609014000667632,2.1191885627519236,-0.8299672360741696,-0.43981604210381786,1.8297491143146174,0.035400646719590756,-0.13504402074851524,-1.1914996974885954,0.7830896989180826,0.06770110338659194,0.3245569781452887,0.474408832669412,0.500944144490883,-1.540506120405807,0.6786730068613879,0.28872191150428383,-0.43889498784983866,0.7904702139368024,-0.48673122559578846,-1.9345787392944829,1.0090336536998687,-0.8118014528548307,161061.0,27.845577372379594,0
0.7789910843424612,-0.5487603374278119,-0.639252854205514,0.7171130747864916,-0.6624328096757435,2.489074822904817,0.3387220634549792,1.290527518133697,-1.0500071190586107,1.1783454033039586,0.3402353018251979,0.33516974084731394,0.023405708723640863,-0.25278510649892766,1.8396876152050028,1.0394229246761528,-0.5442656230306723,0.27511008024621364,-0.04893695850061375,0.7099931254565469,0.16848565725225467,0.5229033676503305,2.0120545486446724,-0.04410653303428372,-0.22894970687756866,0.6903114515325827,-0.5995760465303922,-0.0258901188139968,102485.0,13.656391720513612,0
0.1309512075847998,0.23390133320957562,-1.100743499724022,1.2637035181531975,0.8713569475667259,-0.5185335107153436,-1.5596318578537094,0.24978067936908563,0.1926485799316557,-0.8053456196134939,1.4002313073576018,0.9057279528622023,0.022710950466651406,-0.4512835779321243,0.8519392401462043,0.23681352722227136,-0.5336814748075838,-2.0998270205574063,0.3091888781055981,0.23353778330588024,-1.123798896547796,-0.6927286291748687,-1.8933192062747974,-1.3193123400166276,1.5619456091872108,1.3077916727048469,-0.703369976600789,0.1527504567689585,57831.0,29.44755825092149,0
-1.5368349402914887,-0.004431703197639366,1.2600618361423188,0.542087293708166,-1.8427862759322255,0.0745791525019294,-1.35357864819892,-0.21097052117874285,-0.7134933948328663,0.0671910109153925,-1.484325555056513,0.047425569432923954,0.06512491337939977,0.5601559767418622,-0.8807029775779293,0.19775592308555368,-1.4801584655418345,0.05915974414443946,-0.9341419117052476,-0.4783433120542382,0.5280629951718625,-0.9917723250341403,1.1661426084863347,-0.3192446501999154,-1.7622629541824022,-0.1620092934018839,-0.451704076188288,1.2184964083827816,44760.0,91.90269718348347,0
1.2491487495584548,-1.3623067479227293,-0.09689009479619475,-0.9850158865687554,0.692267388325644,-0.25103357390859743,-0.4996467000687651,0.38870350619290334,-1.0613878902918765,-0.47843099622072677,0.8711001495998612,1.665789691028995,-0.8049457697656374,-2.528731321682776,1.137389449539921,0.39252029104383934,-0.20993027934846026,1.216257669534453,-0.995774818075641,-0.854314060153769,-1.2091929431126542,1.8459500847553971,0.32318872568300316,-0.05115105748972115,-0.28222152051451227,1.6185891317920014,1.6473481585625624,0.028054780011340815,116853.0,88.74155468163158,0
1.4417071555226115,0.06712129942835174,-1.3002343643849232,1.3366726310198633,-0.2369392876523166,0.35081311222022443,-0.5197218065528668,-0.027737710484106462,0.23810589803950327,-2.309430296692904,-0.24188707818745117,-0.29926723069108135,0.9320231714014704,-2.2025049041988587,0.3263984895555787,-0.061372805165505036,2.068871960697277,-0.6643985253614668,0.22901776031411444,0.9984051440861166,0.2066826658125896,0.9971982013800177,0.03869476058896213,-0.8398284512230509,0.5654429955210343,1.8475431478893498,1.6243164015878089,-0.4768302472795737,27747.0,55.661443633875756,0
-0.0658049060002071,-1.3428604171407572,-0.3587330590564334,-1.2345748994697192,0.8076037976689606,0.644549015608804,0.0718892724861329,1.4634764993521152,0.525031721027372,0.3080590788679042,-0.13406736112096615,-0.6630681798230744,-0.692094751608756,-1.2261920999150613,0.4134798896926503,0.3599925345513328,-0.7288904149412458,0.20444312366630246,-1.625393704924033,1.762606957345836,0.0733962436096988,-1.5280853441625415,-0.5394477611034115,1.3490179199192893,-1.1620529501306691,-0.680041256122862,-0.5933607668863558,-0.08709154129238603,13948.0,68.12062917841546,0
-0.27391627217232034,-0.6164776255192805,0.9310524308870369,-0.21066490566304208,-0.9257097871121,1.2871939365403018,1.1225577131260291,0.94394397390899,-1.7608091816673654,0.432258499559838,0.00871636293983214,-0.5233628201241752,1.0349051822878472,1.0138779683831725,0.15460335500310096,0.8503723070792398,0.38987701956918497,-1.4582757649524816,-0.9231576599425954,-0.42218622923470517,-0.5429142192778511,-1.7336442111970358,-0.2491646207817935,0.4415612591451769,-0.5425190912271387,-0.4890616147286152,1.2196833333157795,-0.45941714514655,27832.0,35.56003648212857,0
-0.15986696597063635,-0.2943536092178474,1.192074192621773,0.2788517450025256,-0.6184570247432196,-0.9874213344977847,-0.4740269731350362,-0.836761132932642,1.6896728251351418,-1.1077722425842267,0.34652711674339387,-2.5941915983932176,-1.918814431556584,-0.1543318298028086,1.359603802227077,0.8502120626681774,-0.5682854634165525,0.7856952929436926,0.5282248261146781,0.5014009398089457,-0.7751945272284807,-0.825165777577643,-1.216437591362461,0.8709930491109616,-1.2309851728921328,-1.286137192095625,-0.1344005971979704,-0.21348715549831349,120727.0,149.8114232095705,0
-0.9751523227787462,-2.075273277911311,-0.42709868192105066,0.8829096607766574,2.242451344822542,1.5716348118236063,0.4927984727498653,-0.687630534182934,0.032281134191682256,0.573686296689568,1.6571604778040403,-0.8632566022092495,-1.0615250448200841,-1.7082201962313803,0.5523647845708028,-0.47864278005239264,0.7685385804724559,-1.124665049412459,-0.6995729515894481,1.6507023867874264,-0.6450194894089119,0.18724522307987757,-1.4178233665882463,-0.7037839095899133,0.24873136419223046,0.5679964700625225,1.1314305857093332,-2.166693130617507,135259.0,93.8693425259197,0
1.0985867597569177,0.09150744785998134,0.406320759097275,0.41598566543096366,-0.8299521504372301,-0.9315138560436108,0.6015450009035166,1.3672819035726052,-0.10516734831806547,-0.7956951040253474,-1.8537131142776313,0.9507525617928245,0.9921237969964405,0.49298940197329305,-0.6958005719363004,-1.7017942709714822,0.4091298403266513,-1.2588398256596487,-0.9664014004818465,-0.5874822354227894,2.012543888109758,0.5041205933116523,-0.14174415909393212,-0.3455881856721906,-0.535561033066158,0.7493876123589897,-0.295964846561381,-1.5584709777057046,128722.0,144.14941404552945,0
-0.5428919317301868,0.15098334971433505,0.7140846323944298,0.3868345008334123,-0.7060272074078802,0.27708869936999964,-1.084075381597879,0.3080801347685085,1.0667751916245618,-1.003396871306787,0.044040178291809486,0.2088286138377693,-0.14815001159521848,0.7076800157963773,0.4858139424183955,-0.7425138964495891,-0.25621473266882183,-0.3418768987081181,-1.1806028253249639,-0.2386917265412719,-0.2296396803285843,-0.35630029713564715,-1.6862385669071223,1.0334111238493275,0.8842844853605557,0.6317972221973474,1.0110617628458982,-1.1637732156044478,79490.0,42.32806695555741,0
-0.051190412691676575,-0.15802419342467286,-0.6446264937163554,-0.7614880684287629,-0.2765820371650829,1.1585766395766857,0.22845572291280122,-0.23175917569118795,0.06981238713164008,0.0068535500822809675,-0.7164870797072483,-0.8745452173177829,-0.671020982934875,-0.24586258268095768,0.7292681266963985,0.3470644927856305,-1.7882689278819957,2.2939362802084906,0.0452153479990288,-1.1563285973104498,-0.1729116491854317,-1.5916709476722117,0.8096342852909915,-1.3589338253906946,1.1200398890571504,-1.267271556849769,-0.08334860691745934,0.4798405225249296,32309.0,43.73507299582931,0
-0.7932964032030436,-0.4243172724715942,0.35503607516644337,-1.289371413960456,-1.0225587258203659,0.7131987383979979,-0.9426673793229624,1.1863361621359765,-0.6038589598274849,-0.6814149440787549,1.1658140046931624,0.29419195150876,0.3751736277231806,-0.3305517432329428,-0.7255842746766815,-2.4237570888705138,-0.5334624367618886,-0.6300451018659986,-0.45386614010646364,-0.1400911942469433,0.954137730944175,0.18556053814664467,1.0852719729215612,0.40544657459980954,0.13831792392384687,-0.7817705805976303,-0.26316424349557455,-0.0586845016355876,96017.0,72.48704834354638,0
-0.6260730997201972,-0.37360366010814,-0.03187791475556112,0.061480668263211365,1.1904567863502933,-0.9385749409883506,1.0638987445477837,-0.38759411718579906,2.1945743624258736,2.292433604913795,-0.4230917546501151,-2.0739845780357355,-1.0455256247589564,0.4376370633698223,-0.4342670488881648,-0.411238476764596,1.1607978064089373,-1.2688766903659283,0.047913384273759456,-0.07729537400935328,0.4321201280825971,0.5562975943356149,-3.470254846431023,0.13293462850392695,-0.290849177121455,-1.4717270024670899,0.008744061800157079,0.1640302234548076,166748.0,33.64072519229143,0
-1.2777251516511705,-0.9765394686110568,-0.5360244104730933,-0.7101947772428983,1.7250133142042525,-0.7019236168245235,0.4550898780724911,-0.2797755104862478,-1.0743957937297652,-1.5549216316024017,0.4567700486562056,-0.3400046444615867,0.07687200086222334,1.2094674359887347,-0.38305933037077444,0.5130773687949477,-0.26647692383106125,0.42205656109804296,-0.2820260773576628,-0.3967526056455421,1.0489092882931297,-0.02867719821958962,-1.5824537910851646,-0.4451808290095431,0.35375246999074106,-1.6584441993188994,0.19433059361840377,1.1689899257842344,109832.0,39.12589162716644,0
1.2570693137143927,-0.2697003697288119,-0.49214793537892493,-1.3077856280692512,-0.7041060665833361,-0.462330902731198,0.016504114361246543,-0.46117154123241927,-0.09762087405720819,0.738440012231028,-0.3975037743332126,0.46992642016040964,-2.215153001480143,0.1524358428065178,-0.6073341339914697,-0.5004089949718351,0.5964838393665411,0.19403193268016844,1.7089686116755372,-0.7010991257235231,-1.158395560544797,-0.5082081229707172,0.2427181886277038,0.13384623760073822,0.14940019389352463,-1.3845310178361196,-0.564096028619402,-1.0133341480935742,11953.0,19.253579230920067,0
-0.15408757320601318,-0.5526118035148618,0.06703448186721092,-1.265946471501941,-1.7260321790132926,-0.051169281125906727,-1.3396996537511157,-1.9616725065826806,0.8471947552849961,0.9889073071286287,0.6680586513123563,0.6431066729503216,-0.45236095717428587,0.5330966875033996,0.3487924806901823,-1.0551127828511,-0.5000696048627573,1.5953742503492139,-0.5244521766610653,-1.5019182648871552,-1.0248233609157194,0.5295931656034927,0.18270173932775943,-1.0099217397618099,-1.134712418183895,-1.627052976109194,-1.3710395058762574,1.1493595989767933,56169.0,67.40572170695341,0
4.465921618728808,3.5916853926873986,3.5298534869586327,3.009871525826887,4.671977302990754,1.1469532483187364,0.11599001028531707,0.864256990254326,-1.0696454810431033,-1.979271125124357,1.0148033271104098,-0.8293965806755483,-0.6498450907332519,-0.048229734111557836,1.017745806714961,1.8164223867738465,-1.8698243352730608,-1.2746454669652205,-2.0096620467000266,-1.2762258858649962,3.2432797383452323,-0.08328129407164507,0.08232743962954087,0.26543037923734714,1.1705590230927236,-0.18309918801429684,1.771405770099959,0.3987149444808399,63021.0,181.21752744961577,1
0.01332459691325976,-1.2041360895448572,-0.5654899533243374,-1.852578860174007,1.1083905117917274,-1.2918114375017953,-0.7670275135766861,-1.2090844580265883,-0.1020279742888444,-1.7324841310101642,-0.39739998183944436,0.8582181144157621,0.5396161024825653,-0.38128546047046824,1.892369041698879,1.446973909161872,0.39639844976824656,-1.5937616197051114,0.015332210395841438,-0.9272100912489079,-0.01368090643834091,-1.116065584486522,0.3929758686521906,-1.1482451489024932,0.31849927776074133,0.44184941533756317,-0.3702686011115196,-0.6883060024788875,113593.0,61.51504994225089,0
-0.6944035277028942,0.235589909011144,-0.4259451084001599,-1.3474687028443724,0.8216591921785865,0.4667015046127427,0.7059626404522606,-0.5686927194215645,0.38656490966909474,0.5623908931775179,0.04907551824076654,1.815145859940529,0.8757712939957094,-0.915928440419892,1.1946867486874095,-0.1966217309476944,0.2913961166699129,-0.33980860801237367,-0.09591979355671577,0.6086327084076855,-0.25285921237681347,0.06266357430373261,0.7178308593058623,-1.206996191929347,0.8854982779404272,0.6496673254405444,-1.831285552254671,1.4910599338504729,19533.0,15.19199851476741,0
-0.3266852600022522,0.1432188934776698,1.1133372383403377,-1.6351369290692526,1.1565114347489136,0.6099724321728704,-0.1193265023655012,-0.7438718827346628,2.401647332308271,-0.4815117676889403,-1.4203601903295349,-0.4812186282847674,-0.8545476577963784,0.2563039798403416,1.0220852806783203,1.3838926519462322,-0.5966467199233372,0.34069967867575374,0.05439960696201408,-0.4833362229397036,0.18235029634413416,-1.285657058201302,0.837449431000166,1.417295076060985,-1.281099877451449,-0.016700181754496106,-2.2947493980645137,-1.3930095777704457,78073.0,54.771906519768095,0
-0.5602310505028996,-0.1415628321787237,0.21382713517698357,0.1822594637816633,-0.8675252658238027,0.5582887221577124,-0.8123445628874556,0.7269906019673749,-0.8927971805622574,0.3835628525288321,0.30539978696173004,0.6867097493840492,1.6089112361659896,-0.30019602601282025,1.1431991900142833,1.3594071285593423,-0.39107093449982555,0.31976258284211373,-1.6648274729146018,-0.8087565202317667,0.9839127585730356,0.9063706880453939,1.7616634384009313,-0.6430564551790441,0.9740058664078296,-0.6889805689627229,-2.842968570218887,-1.0967905261588633,160506.0,47.644458025050824,0
0.007959099184913658,-0.439204823086289,0.8850943665882824,0.4079842295184183,-0.1684964086719397,0.46630633445798747,0.9255178975111621,-0.06858278290392204,-0.047661628331962025,1.1394470690109046,0.8562679346559141,-1.6117146059856697,-0.5920332906027,-0.2436355150129188,1.3352848603074026,-1.0694105236185025,0.2618072604823676,1.033278429815656,1.0065624414757524,0.6232773372578423,-1.1214772759665488,0.4259563925300183,-0.0012958957045547232,-2.0292220670772427,2.2132383329812373,-0.006863933016134681,-0.594642586656725,-0.18806445880518774,15980.0,77.49178719410776,0
-0.3752668396769557,0.5523398924701125,1.2018222319374203,2.0071409631828265,-1.3841096043405485,1.518318121319916,0.7215350677134271,0.01541655036414029,0.6587071306364056,-0.3721482053359088,-0.5554050272875501,-2.0161328090678525,-2.05592374323317,0.9297171324293776,-0.37671057559501087,2.7403361568250277,-0.610324389548594,-1.495226318453932,-0.12866153575194755,0.5344860601843807,0.3001706416896383,-0.9967562348487385,0.8358412139192843,1.0013594228891207,0.7111651267326176,0.591433189138,1.4298265191952293,0.4184526837185978,102715.0,32.47879781317403,0
3.200078284058202,1.8353982932061355,4.088842259639549,2.0024702007676174,2.081837170414187,0.48780834336623446,-0.5932970789467739,-1.6794597938986129,0.08104535440995347,-1.0639656908796853,1.1203627139161165,0.5587968073512711,-2.37970854254415,0.4880011820388608,0.693604296344459,-0.8774175875712306,0.31745305734196216,-0.8393386124229245,-0.1398706822188403,-0.7167479459027355,-0.0007652722240727645,0.17639344658145942,-1.6505947119866256,-0.7127968808970684,-1.3709186852571813,-0.3021337849778872,-1.64141894361009,-0.17159998786905384,90474.0,168.57979834904566,1
-1.3785746841359137,0.4604533381451202,2.2708863133824324,-0.6795969589096627,0.981101307269532,0.8569592445599654,1.1620278326784772,-0.08743704823469652,-1.202847286667234,-2.729441031296119,-2.073310349202981,-0.010533075189661062,1.5389608663603676,0.8700988258955245,0.3222355734010722,-0.20396177098904855,-0.22558775423749336,-0.15942116779778479,-1.6418974754994367,-0.5953557960583818,0.6762892672580314,1.185799816676785,-0.15887980100367213,-3.4123115276126974,0.12738255651813046,0.05770419703048517,-0.29455349006431303,-2.0939946012647574,45106.0,11.530210013385762,0
-0.8068459276211205,0.24303746619037217,-0.8253040317638951,0.9126113893228037,-0.6719132624431084,0.5635465049273675,-0.29839467518434,-1.4763330998810018,0.40812896871561727,0.20459970089566218,-1.8513354458680147,0.14645380832576863,-0.08753658335854622,-1.5756495489254132,-0.1293468814094249,-1.0368485607757372,-2.3544150379863256,0.7929315918087669,0.3635980736553337,0.6278272138789955,0.19394984366316326,-2.11361755681516,-1.246813182942021,-0.011163773263441926,0.030590095871242774,-0.3128131583548175,-1.8511236250369678,-0.27750766435772317,86228.0,13.951192444817911,0
1.65405754880043,0.28337629253461555,0.8084095930822921,-0.2167738049889562,2.2795715940200587,1.7931128327282926,-0.3091516143961749,0.30719699566419545,0.107549945451714,-0.9286156394188744,-1.38824239076134,-0.6362865312341232,-0.6473284351918878,0.558381428839007,-0.45495117951936204,0.13579401918170914,-0.16668068176431014,0.43641316343561654,-0.16181866584224988,0.3469596923787607,-0.4858294208899051,-0.16561770997408082,1.3663171464654922,0.9559147031816123,0.30974141773122615,-0.537930017368474,1.1687439218092217,-0.06576154142532349,9970.0,51.41136010361376,0
-0.6712332162517173,0.3833125924326753,-0.3181439730310917,-0.3269979387077995,0.07418010998257193,-1.899804739562873,0.12380104826825901,0.3667229934976392,0.4456312065459862,0.31338529087532985,-0.48479478201037196,-0.34679669514588785,-0.7478982184467982,-0.5898674809715737,-0.505277895161858,-1.2571805202654927,-0.6141350329073982,-0.44360415459275987,1.2193221657747646,-0.79461645956913,-0.8091708262007377,1.5712361142995235,2.308278467160806,0.3908451665240184,-0.14576770113980558,0.03753906915825972,0.411464849919446,2.5329690355750545,119018.0,104.04708928437896,0
-1.0540937876234928,-0.6536444065928503,1.855783263371278,1.709169703339553,-0.6404248152337142,1.2821085771192862,-0.752633751892954,-0.017397482735196333,1.1314661217697302,0.23162237397902036,0.018618547542743648,0.7581072132408464,-1.0922164794247748,-0.8082439919395291,-0.2679902454392487,0.05002736382658119,-0.851177561672088,-1.0312505089993944,-0.5031542220953029,0.22871553587180538,-2.322884378946009,-1.5393971916106293,0.5150316291157019,1.7343717387909943,0.5894019144693113,-1.1486597477549492,0.3681115877706283,1.3752853530788491,30464.0,70.52390245494053,0
0.33732633257503086,-0.25946005830143554,1.7004401213924243,-0.3384061595207278,0.7978852037063576,-0.26103077425343935,-0.4416399017124963,2.043143685856401,1.0131963726643585,-1.3844677963457483,-0.07886454930333595,1.6657007856232635,1.3522337713759518,-0.8521503086407247,-1.234770477420006,1.1391091361412597,0.37394447842067996,0.8350643349486663,-1.302303145892318,-0.02796465621981939,0.9708135236944752,-0.1927920584846327,-1.326898667999896,-0.07750825934038033,-0.37908953703038745,1.08622868913035,1.4242013429182594,0.13891063453837962,165841.0,2.676561747305268,0
1.407272199556532,0.6370583312163494,-1.9542111820067407,-1.1561948693340067,1.8012623575993727,-0.28071686043638644,-0.16047927868495432,0.5277289142255647,0.40776237618133027,1.723875884739011,-0.06709194786186742,-0.26908874932326465,-0.08388304899983834,1.211396022977101,0.5217123594102492,0.2696757684220877,-0.5065619377148654,0.9009179828406487,0.0272921005653665,1.0596312468942088,-1.3899764615635843,-1.4165986673917066,-0.13884180083788367,0.6336540348582625,0.3209995857273001,-1.6088775756624532,1.727835239824903,-1.0610829312728036,170456.0,56.46743528657966,0
-1.454024302481208,0.4306392440831103,-0.9688662425118804,-1.3169399598669396,0.48613095942514734,-0.9694767432264105,1.5302830096578555,0.5958241750337039,0.3105861815742721,1.0832582954650423,0.7235760210920635,-1.703231376841698,1.7902081502128497,0.8278638878351517,-0.021884911152799502,-0.20864052610470968,0.5098997781301098,2.6301833153073093,-0.988028671280962,-0.8255405763621939,-0.36243324961826534,-0.09586586305029586,0.0033817115993343173,-0.944011225217882,-0.6051592000364043,0.47698087246088794,1.0961135740710877,0.3551154792947218,8307.0,41.34049481440679,0
-0.20852184825127065,0.20671276544264874,0.6643129107943418,0.3356943223139325,-1.2171451707936498,-1.8686954680068257,1.4996497419608228,0.14231135304934386,-1.0984717153923356,0.8482713805540335,-0.47211984347357805,1.22248567963714,-0.19900268393563073,-0.7168998397873012,0.1060244021884768,1.6008638112306595,1.057259795431849,-0.20434588972843123,0.3067908584352806,0.8402470507197418,1.6290543062906944,-2.368436485164778,0.1727514063074957,0.20625924126932244,0.18873690031575222,-1.4024039232959025,-0.5566301487676767,-1.135528482894072,90594.0,114.28520102409149,0
-0.6320525539349078,-1.5143202451196276,0.7898672098844762,0.30524160340596707,0.37100280188506274,-0.3818948475575632,-0.2588702005904889,-0.1927580765382674,-0.13431482417437984,-1.1844729159685918,-1.2635755519193417,0.5507510168295309,-2.3502925001725226,-1.1375732723982577,0.3386901890235925,-0.841597422790624,0.11818098553891473,1.5619584852537323,-1.152823339168983,0.4113540789960414,-0.3766646827425776,-1.6108931855308195,1.0636091248695099,1.5501736796189716,1.092594344079886,1.5580096517092952,-1.32347840312759,0.21739903883159115,106527.0,62.29112253129576,0
-1.7610194743274028,0.5378871148832081,0.7365642161592768,-1.3717023702861768,1.3755980610667298,-0.6872933095177702,1.6104377405287214,0.965918260656232,0.22032159735687146,-0.4074302835657528,-1.243787089008908,0.630251058273135,0.8444339414947362,0.013729697437326296,0.7249220337482397,1.0224911600821627,-1.5532587357126812,-1.2157806068784913,-0.22363033036958066,-0.960373643687903,0.6158149002122031,-0.553934956834106,0.9287387426038252,0.5412330633123681,-0.40615076089976143,0.8968394740835739,-1.034769754158957,0.3791268102723143,155328.0,76.96214064459161,0
0.7349267092583915,1.1694709919931063,-0.0708653281733429,-0.9853962577263109,-0.4932409490262948,0.49417397946069497,-0.04328674990911938,1.101449541674755,-0.4010152503431246,-0.5469295231912685,2.112665021038504,0.13043064370523585,-0.36819549284024966,-0.4595718682969197,-0.5917555672414367,-0.24824710859089552,-0.7460503816633736,-0.5627966061315248,-0.31869470417709567,1.0039008975106865,-0.17689904455114328,0.10444248796303128,-2.6746912829953637,0.2058211144657172,0.761208613955461,-0.8352318419061654,-1.7628799616421964,-0.3791185354278355,121559.0,17.334680429036844,0
-0.02344391855484465,1.0096714930428576,0.45512082456347686,0.5347126378156121,-0.7736419574112767,-1.4722624729374207,0.38058067781150273,-1.301160361534182,0.09760872344442734,-0.41476048522221187,-2.3521162656073002,2.272222234899647,-0.2370776795700608,1.6595620218256466,-0.1062753935938421,0.26923808277147415,0.8794560243822497,-0.6935880963727991,-0.13119618697398666,0.8659787099829779,0.6995507904616303,0.33868630885537,1.3415577439784108,-1.8965534675270421,-0.8062660155605067,-0.46230186708111315,1.8947629264055519,0.26335512100930275,85672.0,35.479374552505256,0
0.07144184429260535,0.2338780487691054,0.6530214357863233,0.5772667725251409,1.016447911362902,1.431613179544123,0.88357783377393,1.0544896047821555,-0.8253199186549285,-1.1241077364518592,-0.17632859087725752,0.024089532547496836,1.5672733683568596,-1.4612808679959643,-1.6085025763691243,0.08437252419938986,-0.27828930339437474,-0.48428291539842977,-0.5986157789235291,-1.256474672210247,0.054551391878778346,0.38441384582004984,-0.5212944648425553,-0.3243217228343003,-0.2869704706673659,-1.1614143304284408,-0.15670982806168635,-0.30938251636676345,82894.0,42.472000235254,0
-0.7523114724455892,-1.5576786036041945,-0.07787126953732391,-0.6432220836039892,0.13996774050198107,0.27193384321436537,0.29204782620021036,0.513823201027177,1.5343263997882344,0.43464700782910043,1.4579069282713992,0.46295697978234307,-0.26338795196124676,-1.829854176988158,-2.2198582959528195,0.1804277192361057,-0.8200714427901403,-0.8885012017591009,-0.8872957040883882,1.8886718149128225,-0.4639839330860057,1.0901994239272648,-0.583760815204168,-1.2205372582101826,-0.15037033639808642,-0.0593388430714901,0.17174094807314452,-0.5473489405132173,66778.0,114.03932660705074,0
0.4547841629969166,0.9425448142280201,1.0273019683616285,0.6222162018519841,-1.1025421026827413,-0.24790269153078812,2.4151822041819053,0.9607000727089338,2.1520792070475867,0.22923352680095238,0.48336562325291177,-1.9052663391508196,1.161993238808366,-0.2557553283836863,-1.9404934079853244,-0.0013226292115992868,-0.11144066499467306,-0.5624414188243972,-0.15576906371184113,-1.0927428955785727,1.3269317981914661,0.6508695659049257,1.3921784816560425,0.8101579065096172,1.3453510375344033,0.4242388732832697,0.2412954380295823,1.532303023508666,74617.0,50.63497266335604,0
-0.539297349487321,-0.1472546367197673,-2.259497249109046,0.5718545872905609,-0.37974660158154183,-0.709423349185895,0.24334631423717915,0.46617878074677394,-0.3895461621553293,0.36537218452320414,-0.8295562055548628,-0.6306250256963642,-0.004991679811208985,0.010737470523083098,1.536820824240777,-0.7306575910360656,0.4752889638585058,-0.08319422102185065,-0.6619902026900337,-0.876124587419942,-0.229828645494784,0.6901924570481774,-0.29132573550808205,-0.6801245814634793,-0.685126231994282,2.632648111412789,2.1154222936899107,0.5904829606445268,38868.0,69.72460727720009,0
-0.1429032084967607,-2.5325196480669656,0.6337935195699923,-1.7830817487195436,-0.7556624909659566,-0.7872070554524614,-1.1975892455108241,-1.244269722969875,0.4003585118989163,-0.5059497784276817,0.002185977957910746,-0.7384221949687869,-0.7519812570256101,0.1326178018638925,-1.826378066248565,-0.5177041209047544,0.23410156591870623,-0.47081110452065544,0.050619019877609306,-0.3076048448129145,-1.262543919097132,-0.9862623527654245,-1.3948074735338756,0.4018063288303369,1.3166311980981833,-1.406670761640119,-0.5389589995939101,-0.28690145862324695,122937.0,58.144193896243294,0
-1.108260792181513,0.37720740310720396,-1.034052612285726,-0.3120637504487101,0.29626866487042075,-1.1300871646206154,1.3054709745141813,-1.1729164508325658,-0.2341592823480538,1.29101826021377,0.8639187945883057,-0.08116274537462496,0.5073147753150843,0.7534227798962374,0.4721959979665782,0.491591023485291,0.6164459889667009,0.6171989694314194,-0.362516003251142,0.7347756722648413,-0.29024315418203506,-0.18293573499660495,-1.3497754415713787,-0.9385625907618131,-1.3908352634460606,1.278198678069325,1.2559481210967038,-0.741227346270543,103215.0,46.578426005811046,0
-1.2161027602081953,-1.4921717830795365,0.9586778079693892,0.41512559112112213,0.10968451349353867,-0.5443607249071664,-0.41206349351204147,1.8245905291449496,1.262861050940575,0.18774146549028542,1.2081487837430256,0.2970384948809712,-0.6006824397753929,2.073335640616348,1.4772200189697453,-0.058471185340672895,-0.8368901800097283,-0.11169038875813334,-2.282319968565052,0.5560820429085881,0.5449172602027633,3.0800258391927935,0.033621131137676556,1.901402797700656,-0.07223500315580561,-0.599338748775669,0.3525238631959905,0.19138739587039352,93511.0,31.193013678683464,0
1.3355318553000226,-1.296440580195063,-0.2286844248912001,-0.5730757021639871,1.1504470430602267,0.006050414894510384,-0.3042883313481632,0.2524238686470464,0.4349968912521551,-2.737820097539403,-0.8993412184785279,-0.8010448715914182,1.2282949530852032,-0.3423426993686143,-0.45776933574851236,-1.1140915434531975,-0.29296851184392825,-0.031201434079306485,-0.15810381157068987,-0.09039234014688871,-1.0454821826605025,2.1852377071275764,0.8834701410039172,-1.1068870276182208,1.0080613907418425,0.2840339647137738,-0.11605529284445716,0.5759051011513113,93962.0,11.006565438938264,0
-0.5071047045384752,-0.6349588923738527,-0.8887872710840246,-2.138931868967707,0.7096650419812458,-0.17736344944360424,-2.991672883505406,-1.417255494158867,0.07733350790659438,-0.6401138146680493,0.7604581700531833,1.680522437013563,0.9598865135290288,-0.5443691981046234,1.6297986239938065,-0.6571370392382486,-0.27040593937558227,1.4144726172044269,1.2522201849349786,1.3043985475381052,0.7828649023728157,0.7800468611097502,1.4771326406281218,0.18189486786932985,0.7885848570702325,0.9051227418812203,-1.932877675516166,0.8569898954825022,71949.0,52.694396200127,0
0.2916803563558019,1.272591177882884,0.3739021567442434,-0.2830147214661213,-1.5635339940293727,-1.4144878738047868,1.000985899653341,0.3481320001081076,-0.22366300320901414,-0.05700193601323242,0.2525005778532424,-1.1170718636403265,0.0627339059733029,-1.759237888044292,1.8472758490641719,-0.645280194609302,-0.04275587735660045,0.2791344295087825,0.1967639799772459,0.3866558102261618,0.76280716442812,0.6931629983835836,-0.1945308808658186,2.632762394342891,-0.9322704852666608,0.5595785120091817,0.9861952432693898,1.4712243232634512,147859.0,115.32032546378247,0
-0.03379043476737232,-0.37084535417839304,-0.9113334978457667,0.7520931599414118,0.4069905314552761,-0.2658282410436973,0.81844914660313,-0.36212360327408477,0.1261273475484346,0.9653258810215546,1.1044048138778393,-0.501933791688022,0.6098970426015962,0.24340562441052063,0.9453384725141402,-0.008349958001418464,-2.092431252655195,0.12200593495326685,0.4838907124861179,1.3331129878437749,2.0674137976190057,0.936744556330831,-0.4920752973833651,0.2581342567678138,-1.148117372509203,0.4353203231021596,-0.7244295466659039,0.4715940818203315,113236.0,41.45405239121096,0
-0.44114520276218416,0.2709915877367156,-0.9127678975553941,1.5804055858131327,0.8969323196734048,-0.8931829153370813,0.7990194733686489,-1.8434139558016613,-1.000370545204959,-0.30071893746793515,1.3904153925300395,0.18719982884836842,0.5646022179081611,0.8534084859696337,2.3726051020311196,0.22421646958357044,-0.25453267200190294,-0.04836025669182534,0.34459336384553657,2.6932605591945693,-0.5910086929469581,-0.4249097669313024,1.5994634372690817,-0.8119916125206452,0.972155821841972,-0.20266074432232545,-0.43125849694676066,-1.0890791965616835,36188.0,56.189793327590266,0
-0.5079609703372195,1.7479679637522305,-1.567294355953092,-2.190782661253991,0.45587926703288406,0.15988218506207735,0.9784058965260787,-2.290188171710507,0.6755324914946601,-0.25008556960755673,-0.34330546166703096,-1.3027910955820692,-0.27561721612414974,-0.2604374795229354,0.6227327601907534,0.13604229367717946,-1.3467701478183627,0.03179493513431138,-0.5534883614231542,0.18493695549836245,0.6621958833601366,1.8874031777489857,-0.4810667416569368,0.6515228733245592,-1.1873557844802693,-0.00853858487857258,0.27344963209697415,2.0197923117205874,104851.0,17.818877138391038,0
0.6300825914455861,1.5940297626557918,-0.026707754798113225,2.6133213455642696,1.030059659279482,1.8646518752041161,1.6910002031173141,-1.602666694202812,-0.7139949066170415,-0.662816261816396,-1.4495927040836547,0.5197008965224407,0.8951464376542937,1.180615034445457,-0.7284757225348709,-0.6094208853850842,1.3534034678129094,0.5323138573598872,-1.392524422497232,-2.463104079452413,-1.5797836869711153,-0.3976543250626345,1.434625422463373,1.0228379214784447,0.671402367938478,0.15728967084904483,0.1389851882272429,1.1615530401740175,71501.0,34.03076231466563,0
-0.3018676045339098,-0.10335341582736501,0.4968235216908353,-1.1271363310292688,-0.54957699267009,0.6250226941132705,-0.04600184904419109,0.2717925426286556,0.5348818791919593,0.6655533312968765,0.3958365186163136,0.5819549153502893,-0.22729158648413816,0.03028989638293365,0.5241040668497012,0.061250929677000084,1.5177518352620727,-0.8153023773824111,0.6877385570009695,-0.4330596386958802,-0.37655771269663846,-0.11025050339720038,0.2111760900392732,0.903816432639681,-0.44013306313688755,1.233804863747701,1.1979086237261252,0.8363131258872123,15215.0,11.228788456690182,0
-0.15144364817129202,-0.2415210220605113,1.0230259861312425,0.9569708708011316,-0.9508318272858517,-0.3131199388221572,0.937616498169398,-0.048072218113468894,0.12963513831833504,-0.4475872036585079,1.7766214373122964,-0.343826543076144,0.6162056722529549,1.5148531208182028,-0.44071649363116516,-1.3257155334072537,1.6412077006496513,1.0924067824235606,0.9252201479366139,-1.0301391093622791,0.12671541807085032,2.1020438389876035,0.2140240972877631,-1.8917497511501555,0.07451138240038013,-1.5106590387804133,-0.6483526192318986,1.3352361013669762,59197.0,39.586194407033986,0
0.022221557194479512,-1.2608706340895501,-0.14172786178901123,1.2341980705343905,0.9300700252424973,-1.6248831734744955,-0.7438398119629125,-0.2491591906253043,1.0949431262477638,-0.6034502411563222,0.6855821088303206,1.8588844239302853,-0.9503454914353409,0.3331335905337007,-1.2999087230777064,-2.841435477298822,0.7804395204848743,1.5103575354480474,0.45164645729979114,0.08823796388474088,0.41764107589388827,-2.0686914215211685,-0.25846416144191203,0.2600320798145889,2.423588658988721,-0.5059581049962446,0.21087861816523187,-1.4541933736193675,61997.0,17.249044255678868,0
1.1765083202520015,-0.6944580741815911,1.0478552084476458,0.9830173001338016,-1.0654646714857103,-1.4147243086787848,-0.35380118366422997,0.28467815379595623,-0.016992827689987458,-0.7421559232520144,0.23016283043594152,0.03059678197044353,0.10202833099987614,-1.0571606593652096,-1.2723438098714388,-0.013636289228517263,-0.4998931937384708,1.1009109492373421,0.3136601081330001,0.09357517566934982,-0.027096861338867115,0.3249155597775728,0.273673571360849,-2.0472344732392096,1.6511220687323573,-1.2827768907808548,0.32837219831198167,-0.3528094831303113,125605.0,23.017917761702655,0
0.6805109746331383,0.4253583476127701,0.017960975134801903,0.14961847956037583,-2.159537532777703,-1.68672332547569,1.0567601543294927,0.6011304268130049,1.0230709861662282,0.556581474538103,2.4010455344134387,0.23005263508339455,0.4160924201334983,-0.6368204579106495,2.3161192669930624,-1.6130860566632121,0.9287227793331841,-0.5111319392893302,0.28492959806802093,-1.1759738280772352,-0.06154543055340645,-1.7188831451585818,-0.4874664077008929,1.9162872561983637,0.9336726896671356,-0.9917612514756958,0.0688495195960377,-0.4896069956801286,154450.0,23.648458945546864,0
0.3826002677279928,0.39573076180964684,-0.09328848097955465,-1.1614176626879231,1.0252999446570168,0.7259684634008378,0.3911238288656312,-2.1025074395349956,-0.9223527317780604,-0.5329746595908769,-1.0400258818783492,-1.0119886726254368,-0.7884535689436885,-1.5337461760334976,-0.5361486770511275,-0.9070508967245678,-0.21782618979276822,-1.5899128578019082,-0.12477926263120308,-1.106065770580918,-0.5633504175120809,-0.6704554950314429,-0.7020552640633664,0.11765261202916844,-1.3058249418365422,-0.8210675928511476,0.7420349093193984,1.1894545266325756,70201.0,11.896490995592337,0
-0.5635713933532417,0.11023823117395956,0.5735629478577897,0.6265587879860715,-0.7241849256687074,-0.7650693500440047,-1.3334151925780864,-0.3011511821449839,0.6094447166785476,-1.675897443561961,0.9029901879500623,-1.7266050951286211,-0.4143269001539377,-1.7370627887845507,-0.01833075231570983,-1.1670519437831326,0.5851757182959305,-0.45741722583172945,0.16779522860276525,-0.25319328571016686,-0.40232516897810117,-0.11987374343696161,-0.1581968264233048,-0.40676870682445115,0.40812669258528117,1.1296060821600946,-0.21936158053283009,-1.1497413711530642,27482.0,48.6279972142503,0
-1.3819687200064654,0.9948016575639254,1.0583927761257572,-0.7152331767755107,-0.306066201009667,0.06260025912424744,0.36132937954770283,-0.8279146503542845,-0.22409652333839417,0.6226567571791163,-0.5704376608578396,-0.6826493639118173,-0.5310444910517331,0.2669149110795772,-0.6569755613882731,0.6662923672544253,-0.9111358634220574,0.12130213533447608,-0.08608238327667403,-0.18867585944463108,0.3194590137343376,-0.37551858940972066,-0.6731417601110954,0.7103087641749338,0.13854606769358008,2.2059734624841227,1.282970528527747,-0.3029525035910486,126515.0,13.86020235018003,0
0.949529931735302,-0.7723680130331807,-0.34143445445859266,-2.5226949434372874,-1.3979793482304121,-0.622014182542398,-0.18291144086031308,-1.233194977789162,0.19421790271512154,-0.7013361745773419,0.04963433300767492,-0.37292832046324914,0.7306499715056249,0.86959797449573,0.14517864358372606,-1.1731491146472364,-0.5995023375280443,0.7819585559772624,0.21813862002065038,-2.5013795356999777,0.5627676506070954,0.14054696052239588,0.2812609712500645,0.5281071988911091,-0.016859704980845377,1.3939315945270705,-0.6880321153706535,1.5130260465054237,90145.0,42.33406465879706,0
0.9664471342208761,-0.05607652018346502,-0.2437616219559586,2.8288986337162725,-1.325527587005121,0.09119654187350762,-0.8186662911473895,-0.5472012780590004,0.07174953052553523,0.3570027287853869,0.08964360734198178,-0.5068961423413513,-0.7168331835224488,1.9542618330782782,-0.23031881392594145,0.3110804752518792,0.4408843726752866,-0.20801830717005962,-1.0123789351019452,0.935111062459557,0.6405478884473056,-0.7836362038225746,0.06243781636467846,-1.1204567416447602,1.4351574527392146,-1.2188330738970063,-1.438802666520219,0.653958732655973,5870.0,12.691563414473343,0
3.35929160087666,4.231242988494812,3.3391685953001606,4.208102021960669,2.343411158024392,1.4016771308894547,0.43428705031409537,-0.12287209779427118,0.9362911217747878,0.3737851542918249,1.5146366362100012,0.7180129059372203,0.4417342816753883,-0.05517381159826625,-0.4011480340340093,-0.454720037330858,1.7335265521137582,-0.32653432219400497,-0.7067284497583489,0.029787958655692497,0.9818347738039364,-0.1315023081839269,-0.2850232581466307,1.6491535387055205,-1.6525163688055846,0.0771558805634637,0.0005540130268669929,-0.36502509171641967,110076.0,208.37938055539922,1
0.541883841603518,0.584145906227918,0.08276912699183876,1.8180771284865394,-0.3606498517318112,-0.6849459321173764,-0.40450569748884313,-0.2663564565596157,-2.0196125016048723,1.2036069753849026,-0.9360138054280742,-2.439079550599134,1.5287750373341993,-0.2368591651031038,-1.2017530978584878,-1.2032659131681271,-0.043053953343973245,1.4607508805508147,0.45251334860473974,-0.009601331804735817,1.1670867934058118,-1.1959596941121546,-0.22246697590225542,-0.19161187481680636,0.4054972373677712,-1.167787694455522,1.2580825242717288,1.8698958995860988,71348.0,18.571455830090024,0
0.781443053885405,1.0709457757324194,-0.9004082096051503,-0.9116228074944426,0.3699990761559306,-0.34095533922813975,-1.5704896885119972,-1.454667313435725,0.3230817417792985,1.0445304192171838,-0.5350877091218409,-1.1858438378474525,0.3611353252694964,-1.1090369548882395,-1.4025871335231097,-1.542846755241124,2.209688693730459,-0.6854805291171229,-0.42502732871794174,0.28561131578269333,-1.7049195148533367,-0.4107628846060486,-0.2513302271978355,-1.6860837048150288,0.21159745023956933,0.457957960422064,-0.4882047910951295,-1.296949881768142,20740.0,24.104656806032743,0
0.8311844526649818,0.3970204067650606,1.0280060600662873,1.4675028234118994,-2.2978112157574073,-0.8063439113302531,-1.111155278671533,-0.48314951464260525,-1.4944986408123775,-0.5750296008596302,-1.5929520224677045,-1.8786059095215446,-1.6068926222053537,0.9873125410050426,-0.7329951566335065,0.49207951960289037,2.706180166152729,1.0147462952399686,-2.4354956295017107,-0.9858577100167862,-0.4756719117372343,-1.393828697032207,1.7160608520144278,1.4288301809467123,-0.6751718163153778,1.307234604114106,-0.6034857826776577,0.4612799910498868,155574.0,0.7710085324693878,0
0.9213834732464707,-0.3094025555968319,-0.4004096317783333,1.5898691581489963,0.7521731746180224,0.874574903519333,1.7691700765436857,2.015832891923969,1.2068168345550954,-0.1663845850941834,0.4871991637164996,1.2913621830409614,0.13101273834882907,0.38917670111286556,0.30435314977298034,0.41538947709892393,-1.2852089935762412,0.8574048369187535,0.023399875642408977,-0.04897034827510498,-0.12951510535711613,0.6151650528718914,-0.03202148202245826,1.5608032978654804,1.8288712048930473,0.6041737414830771,-0.313471747812607,-0.21032156163919988,34585.0,31.034606189494582,0
-0.45561765066113274,0.3621922602623995,0.4624434567778641,1.5545495245011742,-1.181998162788601,-1.0257171899142377,-1.5149289161276076,-1.0545548440464312,-1.9727431945609097,-1.2904060742868677,-0.45823180986740225,-0.6165505373406482,1.0465998007488995,-0.5951306979309751,2.0887303449565766,0.8020385819274177,-0.0446845177990162,-1.3319981251430753,-2.3055075747060565,1.0004524067273242,-0.5925629590655891,-1.3033644472791404,-0.6167141303964195,1.286642228293513,-1.1977826633442643,0.8953121792259315,0.21245433879755754,0.5178438709310825,109102.0,55.172597009051,0
1.5149729826647176,-1.0025951963841089,-0.8254725722239247,-0.0212063332121524,-1.0663117579540622,-1.132983244508965,0.222802187080488,-1.6870929784979103,-1.0037817838639116,1.677332657137839,0.42196704266287827,-0.5662877297703721,-0.2800627782020509,0.688530877614755,1.0661542062651446,1.8583081632607312,-0.9586102691361092,0.24346787853304397,1.7489642051424787,1.0384654501202204,1.0304872922559802,0.6523750897060084,-0.31862002275981427,0.5897787555569763,0.11126664674481168,-0.15162461538533886,-0.137986305113302,-0.2580978461106895,55775.0,144.60511919922595,0
-1.2465930582857083,-1.6394593315431263,0.3588039528088937,-1.2024620437425992,0.6778553880749938,-1.3876629655716244,0.6100559143083106,0.2752415694120718,-1.6738791647067,0.4416272147921844,-1.0732657853193146,-1.1535412665401712,1.1157320094352772,0.5613488900872303,1.8367366957386624,0.29785466270491956,-0.1548716117822923,-0.575026423717462,0.5978506952716243,0.4456218326266155,0.7441914528722716,-0.4373054010269768,0.6394297830398539,-0.8320405544477312,0.1638203901327093,-2.02499890208124,0.36266535543095996,-0.8108784207935715,68990.0,6.03387089592794,0
0.861723076993649,0.5806717808971771,0.3915930157503348,-0.17731280686363585,-0.07463393251439393,-1.4084735141902456,0.6391890463003149,0.596628160814871,1.6392360990878605,1.394418722263127,-0.3593836201417766,0.849007623130293,0.6248831424238327,-1.869951808790086,0.49937776975175696,0.30620772413915437,-0.545296113079351,-0.9583227223440643,0.5521851755141476,-0.26949882302761774,-0.07741252987117674,-0.32860011686472723,-0.2234580917026772,0.9740926643599841,-2.133467045722989,-2.0380720917972304,-1.726404492700944,0.22396906780575976,103574.0,29.029355037180686,0
0.4939320790307585,-0.0551403328210084,-0.4206814067973341,-2.2027691137666046,-1.536433786240688,0.47089433867137365,-1.225471658638618,0.4640441020951936,-1.2889985227889265,-0.31899618316650463,1.0389290549830164,-0.4630059537401646,0.42821518802099434,0.7426938878917348,-0.07234873249879811,-0.09948393531173459,-0.08331590827202864,-1.841790298826419,-0.7367457698043081,-0.79338594529841,0.14176851232682747,1.1323042332658473,-0.1737020366481673,1.884913899471991,-1.3637835229477486,-0.10155679795123192,1.5855590553182526,-1.285314766517813,4882.0,3.228361099448982,0
0.8736191135245024,0.30840962641700853,2.0208894329971416,-1.702012389403535,1.8445926872343728,2.5691250201551306,-0.3215381693553146,-1.119717535846507,0.11391450407396117,-2.049144426962762,-0.1743192140970744,0.1712253418287073,-0.2538875726734865,0.13610945603926625,-1.3096897493823103,0.12859558556634218,0.9366420424198764,-1.564115600925543,-1.1834016603804978,1.2755715172069728,1.2384167851995411,0.07675186904568788,-0.27928087461115614,0.8535714670276788,-0.8981539569773913,0.5905196300738635,0.642474778711318,0.5369925285480005,21817.0,2.594955410638036,0
5.379008307096737,1.802315636158582,3.8710399612419044,3.5919387811502688,2.639378395059217,-0.9953763164069606,0.14084672512860527,0.9980949252420801,-0.5357926540356971,1.5317126573973903,0.6256391265171344,-2.086741577557244,-0.5046078527000704,-0.3914763617288338,0.01813116301448135,-0.32822698474356604,0.9115934278079898,0.37693380286996775,-0.3001753791119397,0.5069876533434524,-0.3077888937410175,-1.8968008315845952,0.14151639003370695,1.630622036334221,0.8789390605904671,1.3058580967078068,-0.8432232632368787,-0.3017148715240748,35785.0,192.63657988970297,1
4.984445473378649,3.13488597527457,5.276928922977385,2.508601534231819,3.7473159519474866,0.9515458233063021,0.8002092604788348,-0.7853321885058488,-1.7997624043380491,0.093117608770828,0.5283265576456647,1.1213481425465799,-0.24802194734688585,-0.417080244856397,-2.128220891248896,-0.8732012563235525,0.2403995438340904,-0.4095931093301287,-0.0761898055081354,-0.4093070477529572,-0.2760914181196648,0.46249273231165744,0.3673709285397872,-0.7169968041610751,1.038406395784048,-0.3582351018903389,1.455242474847619,0.9228593076150194,132514.0,151.53747318294174,1
-1.145176907189325,-0.5998571137315275,0.9591389238981252,-0.16444685545475027,0.19989034860785518,0.2511070416723707,-0.6449608312139513,-1.1348764542406187,-0.33728799501759815,0.13318510355298108,-0.35317268495384946,0.3444964259767632,0.07145648982123619,1.748402302841818,-0.28349484167047406,2.0137218094788643,-0.013618341089252271,0.23840667150343603,-0.8373653485953358,-2.10183430439148,0.8952225885229811,-2.889836423632398,0.4203150675702477,1.0568159369022894,0.6831101043661513,0.07643354866697567,0.5061299047300837,-0.4283280557705522,44833.0,5.243829723122946,0
-1.688671580267857,-0.8642121147366698,-0.6622748070560666,-0.10899975140135905,1.4113271618631944,-1.1020225662519787,-1.1634745046255395,-0.6084775231799567,0.6627352508595122,0.05546316499696648,-1.5597459332048416,0.5018210772030154,0.5319095440586251,1.5359627176539896,1.645378208315583,-1.8426938321702466,0.10095778967005983,-1.0704162274983189,0.05767263185126923,-0.8427993695148026,0.47624855754202755,0.23334512414938324,-1.6585802644304926,0.9757807969305937,0.3246699003364652,0.26257389645852114,1.5577978650668498,-0.6499172120634555,117861.0,37.51719213808767,0
0.8168890590537966,-2.25501500646246,-0.3821868156578954,1.9307270485184007,-0.45566883544588754,-0.27669955002698804,1.002574049160511,-0.10870050672072484,-0.18426831921081976,0.6446741234786517,0.9854000437341416,1.1870612468055768,0.42973929660845583,1.8259419292257826,0.34672956496128093,0.27199693334284325,0.1094635291689729,-0.3431925789067017,0.5670288920195966,-1.870124958628228,1.3872837723844964,-0.42521001719845875,-1.090310786946382,-1.4234759865126507,-2.142646784448975,1.0923736169576779,-1.1681349038389388,0.40645529895561655,131823.0,17.08288956757159,0
-1.015012415875923,-0.33487348213705126,0.43610206735723056,1.297626569750945,1.0080896843825944,-0.23291667567078692,1.1051536459896922,0.7140914280644555,0.9410799934246291,0.5331332843756863,0.17070737231525257,-0.24360416948942357,-0.2913346972998633,-1.1486662338660198,1.146768100535126,0.45989151388334587,0.5513232226297029,-0.29522393470617886,0.4830046998659294,1.2088066756993467,0.38027149883106737,-1.4105278806299801,-2.6508753148945003,-1.5582820431553612,0.2998198267515853,-0.0721369232831274,1.7506544233490773,1.2298039648332277,138785.0,28.14324417507723,0
-0.0124053886475133,0.8973042881661908,0.06117253183875087,-0.04487258416282581,-0.7418895223181268,-0.6907018916236553,0.37007255604901534,0.6238318256883452,-0.3619247667528768,-1.590536551165916,0.9832800898049142,-0.2174158039145483,0.07536100274686686,-0.6544947738796928,-0.3631393670945111,0.16661470114807053,-0.01057653118919036,-1.5425208368162544,-1.0937392026451405,0.18272141772168826,0.7437518401847957,0.047899503696823664,0.7775043269850962,-0.6617017452656779,-0.4385468737763723,-1.125412269299729,0.09005557731435507,-2.02987589076041,107741.0,105.52859992054361,0
0.839727477005194,0.3809977218637382,0.04946114175893247,1.2088995341693431,1.122128858502219,1.9306068737125515,-0.6087871566976384,-0.02249927105849099,0.006858460747557606,1.0868934551323544,-2.012688435328288,0.6686353106721878,0.3981215665947817,0.9054848451965704,-1.356767190733155,-0.9462228394965172,0.4814587956386679,-1.6576630560412622,-2.1750178791341974,-0.7234581668355669,-0.49692710865855527,-0.3341307481274984,1.084128068904295,0.1309691416249359,1.2659318562826742,1.1119401717863415,-2.075220866851806,0.12995431628713802,41661.0,35.586888677547776,0
-1.6437973511855861,-0.6009466096658063,-0.28620495437455035,-0.7797131446903424,-0.7629846295818387,-1.9061205696571535,0.4067616554221394,0.9329055556789724,-0.38479875401962144,-0.5289537416914302,-1.6546093140766747,0.3772463106290128,-1.6140510452382821,-1.2084675309498907,-0.45910571941957967,-0.17716532233403554,-1.3100433885678853,0.40221620078738024,-0.09009829527156628,-0.26905342923138764,-0.8751216284756603,1.9507070839117497,1.2759914530678271,0.4988389139885133,1.442773734534003,0.42224216785280816,0.8179663707405939,0.6295019471906916,38115.0,23.867885885824222,0
-2.1099804543094787,-0.014875971650300183,-1.808476355740995,-0.33689702409487016,-0.3622090986144956,0.38103644818707566,0.10931070326586399,0.08148957339864694,0.34356830843335223,-0.4670480462036788,-2.1427274828447653,-0.2949299601950698,-0.7570323333835638,-0.7202028325434224,-0.37625502896331947,-0.44790314320145586,0.7686888600058263,0.11527492553024778,-0.7265941712773867,2.5257908066239585,0.01693746675621212,-0.4629012057705212,0.11974580961014912,-0.17235824225354468,2.3447274636154045,0.3926115452310211,-0.26784472453416963,-1.389036547023303,93576.0,33.09652025236782,0
0.259299020337227,0.7568000802380088,-0.22543264342069147,0.9102243101173967,1.895966547899031,0.33152448063371714,0.8376286761913921,0.8959839038004662,1.8989117999519105,1.7274287430871647,-0.8768376610493626,-0.005578279459773539,-0.7874322158728616,-1.8042571540932333,1.2264452987511083,-1.0622457441953337,1.7123084407475102,-0.9430976555304754,0.33666886561290255,1.183171091551822,-2.5178823552948826,1.8889955819365012,1.1245404247040587,-0.01348811963381118,0.7981604921467452,-1.3071181985415699,-1.0003079790927822,-0.8561799338854328,33503.0,88.6652133778909,0
0.04438588961329704,-2.7604178626541933,-2.2181214639227598,-1.2416605775709948,0.31697138811833864,-0.5796161982150759,-1.249112965910906,-1.4038687948091935,0.3622405897176733,0.9205586078807214,1.041949902003618,-0.5544721610446394,-0.19203643392709743,1.8530918407952435,1.9967320766544945,-0.03532184067235438,0.16631512378489696,-0.12844170697335838,1.4849963289236767,-1.3087146923799968,0.4170917332379286,1.3368513354832994,-0.06101618903327255,-0.060577667531149265,0.9055683370212706,-0.00797664699944328,-0.178584694556392,0.6458011615773666,148418.0,51.8121492364518,0
-0.24580307138192253,-0.12453654680663752,0.3718195687849371,-0.2789807283002251,0.10975897270269167,0.14950286537538202,0.11626077213898914,-1.5741739927171243,0.19444126408016835,-0.3381855529429005,0.5659919859929143,0.6663133394143435,-0.2633221614908416,1.062685253286442,-0.718742357141103,-0.3976736589645514,-1.4125699012427537,0.6199273513576098,1.484112719055272,-0.12751098423972848,0.9563820516527515,-0.6337929840944456,-0.14474053938873518,0.13834857217649124,-0.9635801997706769,-1.7665931132293713,-1.9568572960079176,-0.803352875984508,105775.0,45.30168633160174,0
0.03853476377021816,0.5432001471814378,-0.726057787427706,-1.3208458600880442,2.242049275012055,0.8776049686959029,-0.1590638486661144,0.7757204466165352,-0.6184146604352426,-1.8563921407404527,-0.03415395803579861,0.8856254322871752,-0.24530302762215106,0.458513157379367,-0.33689059249549735,-0.5433580335150718,1.320882076084186,1.764858386985832,0.18377306510011138,-1.1998456716279486,0.09891154456533668,-0.8369861255449492,-1.5640192320352684,0.6298708226369052,0.16027568542591186,-2.0622142710692093,0.6440710312386989,-0.6174916411189678,75436.0,29.99169921317831,0
-0.8605156073672797,0.6821286252341751,-0.7154167261721429,0.11747240782797058,0.36135667403348204,0.15273513543967476,-1.1096837146474172,-1.3900824461260035,-0.755480380564658,0.16163727059626615,0.13124029526650172,-0.04402009316533841,-0.8598112493231137,0.21922145385079808,-0.1229164666467122,0.6906362311133423,-0.3402939884239986,-0.8987646502667078,0.9735264454235011,-1.6815256194738455,-0.18556548590433206,1.2761452053121134,-0.8059827657934241,0.5427897819476499,-1.170804118695394,-0.24403171571004775,-0.17971151972143962,1.7044724105050304,35253.0,39.53919331402304,0
-1.5134944072721068,1.7007302070100299,-0.21930379562997881,1.6325157555894336,-0.8161373077286054,0.41732532254068,0.2156482494083487,-0.30151920047538705,1.4640693015964727,0.5386558218553922,0.7607882126314292,1.8323295056584814,0.6860079052005903,-0.41713135777403043,-0.32588821459891676,-1.0526752139033573,-2.9700936071842334,0.5750769375481412,1.4872759065549441,0.16989054500382764,1.0678013073013157,-0.1645887294625427,-0.6155451528039947,-0.002483606573054924,0.9876150793090683,-0.4475453592124049,-0.23532494801932885,-0.9180788297309822,98552.0,39.3455285065852,0
-0.1666548508803217,1.1350456790964805,0.27267234629586407,-0.7520968891009723,0.7346279982945126,0.6929119332721315,0.03491783587894065,-0.0981027520154319,-1.1122384521291713,-0.08053550884619903,-0.30215037624121777,-1.5894527508232954,0.2914253926933203,-0.3978775481918212,-1.2205517734082527,0.4455165999571997,-0.23024091986490755,2.0461046770829743,-0.045770817262370804,2.358203466312777,-0.014752355954516919,0.12821803135557988,0.8937833005430383,0.3085733317801455,-1.1296731246258527,0.58284792358041,1.4991444026468466,-0.8399195723252278,73167.0,56.709226524348665,0
-0.9717086910493917,0.3125628347462472,-1.4320061777359552,0.22587949591382886,-1.1816809170080982,-2.0320559904165476,-0.41035866711100005,-0.4879508406544632,-0.9131418472525992,-1.2460390594568356,0.3960689502980618,-0.28256810760995177,-1.6288516560734514,0.615686199886236,0.11673790352573905,-0.6062297577016749,0.5846340369878106,0.03565811399685102,0.17155693781016432,1.5252488862418583,0.9651306297427361,-0.2819245533509622,1.6336575614072697,-0.39496484578719626,-0.13789190218262898,1.4805735363396317,0.07892093266882284,-2.2697879995332455,70875.0,18.92895773680018,0
-1.643481322411107,0.30197600611542663,-1.7486011895534066,-0.8973219016364986,1.1283165387439176,1.4783781254716417,0.39602874988594206,-0.4534894738487833,-0.09745115834501938,-0.7906879653524647,0.1399545726325858,1.665154972903999,0.027512510881246063,-0.711778215849153,0.38621377976283083,0.43033481678400315,0.3656466690896944,1.4083503424289079,0.7283440085964439,0.04267630668074936,2.1266170195079557,-1.2278883132994602,-0.49255986352736947,0.8414914641138025,-0.7520595343522303,-0.03575174173557781,-0.6378806696983053,-1.0684483169488026,132407.0,57.92460170722573,0
0.5056810713932767,0.7869453479945998,-1.0660658714998135,-1.1495489432403887,1.2059777598201684,2.2783039701077223,-1.418797010729465,1.3926265451781432,-0.4263104321958682,-1.2552211059990062,-2.1870426415359034,-0.4709215018631677,-1.111856693392579,1.227395156295183,0.41032887412044017,0.07181782329703956,1.2129439389528136,-2.562645847579935,-0.12285131474170397,-0.36797164896549667,0.7191318053478032,-0.3989079414859123,0.34821731283669727,-0.4476260972116491,-0.3963170101091398,1.8363336247752993,-0.9363905933020177,-1.2024789425730797,127864.0,22.34261744362107,0
-0.061398628422175805,-0.5393269947423406,-2.0417275241987234,-1.235849520341746,-0.5729591785412275,0.9807950537163104,-0.05364179317152694,-2.5296015084996992,1.9561890524847385,0.21539653279310939,-0.38482882142998714,-1.6515480551256345,1.717018619799197,-0.49257909560774316,-1.181623976276119,0.24234864966056183,0.6002051789517008,1.390442842228085,-0.566609137660218,0.1970580008082389,0.9247498004111586,-0.9805105981297574,0.25162716268855995,1.6790862882543234,0.5413908200965449,-0.6043946251469976,-0.02008056952341643,1.701231074505001,103787.0,57.80258629540268,0
0.40652853663281385,-0.040188054943185156,-0.9668496098892981,1.4547520814096038,-0.6279018492838488,1.0136646327293544,0.43141416577899233,0.883873634722829,-2.366231926739252,0.8194169532093152,1.358756283822145,1.3494839208396892,-0.44066451412429486,-0.8734844920065467,-0.08867749741198515,-0.9782347685720066,0.10952873030031034,-0.03924283351009306,-0.8064320166684762,1.0125871784992144,0.49898183590891565,-1.5467795695564226,-0.7972194358540869,0.02880287435307328,-0.49313594800003435,0.7831535532873165,1.1390880343909273,1.2100260378883374,108488.0,19.442344750446114,0
-0.9892949414259369,0.9062390030785368,1.590883030522966,2.362435470617594,0.17650426235091057,-1.4082469773166768,0.28401785812567304,2.2951723427935655,0.36136212612769175,1.025398978085778,-0.3958606090705614,0.4982082569193431,-0.37860391326716175,1.2980120461987006,-1.7144254659709237,-0.7745871239688853,-1.9678300933080035,-1.8678941027585279,-0.08070126237256098,-1.4311448007413523,0.26671746139845254,-0.3206798421527617,-1.7443053686096786,0.3244357090079228,0.30091614916488374,-1.3022753774013405,-0.5561273614028652,-1.2361197512968143,123805.0,22.75745568401336,0
-0.6580587918366578,1.9574452148950907,-1.0565859164970517,0.4830437053055756,0.01415515177896439,-0.11842836851347956,1.0764277819579489,0.023584560566066195,0.7127104531029975,-0.7322278897157988,-0.14308936634835018,-1.2448515785715548,0.09930166742866288,-0.1439786670037503,0.9392456265991329,-0.8563284126060892,-1.1153901137206008,0.7347668223977069,-0.6815578873288939,-1.8317435142684548,0.29023063732654986,1.7390899357645182,-0.7767668664842337,-0.7011154807046943,-0.9387218593358455,0.12949203590790745,-1.0262602541380201,1.9482632245927345,129838.0,51.850892306528785,0
-0.9990430272201656,-0.159267305731742,0.6514051749001837,-0.7162929691373378,-0.9776876168663451,-0.8120438126406979,-1.2011125741820126,-0.018974795479417727,-1.1204935823116278,0.23502528320455507,-0.6068661533932629,0.7282376796523531,-0.18437770719027874,0.5548750264914742,-0.99357562035111,0.1719622135786127,0.16403671220963315,0.9992264722754587,0.6781636094977247,1.844141149384105,0.09099047018977574,1.5732204617742547,-1.460365406825061,-0.28928730599695746,1.4924699405888555,-0.32523463356186766,0.9928256447246323,0.7697009312994781,112362.0,18.88089063785343,0
-0.8866418670580481,-0.04840068932986404,-1.3716348082651353,0.7048916343431867,0.5680878663188149,-0.5871942603400888,-1.507880424632744,0.7263707956230252,-0.6445771270730992,0.5540697937976037,-0.4846321554752065,-1.0730199546965322,-0.0425115926847241,-0.4149375096007586,-0.24803982199597288,0.7438393181854741,0.6565514614119844,1.1551414338261807,-0.404411897517038,0.2747390016803895,1.063824944174608,-0.09127249289358452,-0.34014734380280554,0.2161996748674933,-0.5756065499321655,-0.2150393400533034,0.10401499478669804,-0.16758910905919983,167509.0,34.81672369031816,0
0.19540791774940214,0.19848019378767898,0.2991201525724937,-0.3343235263430333,-2.04187569626381,0.967036908966546,0.2390677420582579,1.828854540568019,0.43260996500272736,-0.5111491383523914,1.1240121897845434,-1.3912036365013736,1.5634020638407347,-2.2501026590092796,-0.4222254386834109,1.074897245108833,-1.0293215812897065,1.1462934738490191,1.3164865768995366,1.5762503697724883,-1.5178784672928833,0.10468701089231128,-0.16627096945552372,0.07173946896495409,1.102897576211466,0.6043201827695781,0.01651303315614224,0.8071168664759922,97914.0,16.832686293075355,0
-0.7829746163349458,1.3432036940080567,-0.31973381221268193,0.8013983475373727,-0.43285945825707295,-0.8039005872403687,0.4551525274359929,-1.1880489491190027,1.6295131000529801,-0.1485073849502494,-0.26808598088774227,-0.20046706354428614,0.2423007443949943,0.5472027535477995,-0.5561676349340259,-0.5038183879984814,-0.6185070470229277,-0.05842089415648513,1.0748309276127472,0.23329262565129993,-0.22957025831211064,0.478875435633712,-0.20569090030444634,-0.5634780087079855,2.2435396010564177,-1.9366904881670557,2.1902843868545916,0.3856073110146699,134546.0,2.8208003449461465,0
0.3560662888202746,-0.03031330358915025,-0.05981278553427285,0.29099363819943935,-0.4039409648569437,-0.13010129269522733,2.1198237931768675,0.08768933355522605,-0.9205133727845001,2.1238663817374928,-1.0219490844170012,-0.5298006136554628,0.851418308230366,-1.3466833750325125,-1.0314722072404523,0.08053775355181554,0.45181806089131993,-0.7622782466402869,-1.269395055315404,1.451055367830976,0.6552676046544457,1.3196396339877015,-0.19312076169910794,-1.0988342501362496,-2.3933404057538934,0.11846597151553045,-1.2073726459606335,-0.744177541527927,137642.0,45.25009496603812,0
0.3397559254182162,1.469359036471145,0.5687775943675412,0.27970415085508915,-0.27326555152247795,-1.9085807213816994,0.6166124762069511,-0.1862165248741775,-1.5792222601896697,0.20512301348010578,-3.111363336820356,-1.1480775184452936,1.14385572003526,1.0822298834665898,-1.7396839414781378,-1.6202534789077956,-1.9023181109497542,-0.48104559938417424,0.9508305306786433,-0.6008012328941008,-0.7809541297583741,0.2861966099638245,0.45761835332479056,0.09291173287178041,-0.9290551123072311,-0.8345082661492772,0.24768546490393886,-1.7242087167441766,98928.0,13.360498510074736,0
2.0251609868801026,-0.9666572174287505,1.7562401253161792,0.6072760593752837,0.30722390537572075,-0.15843200190557086,-0.8739482973691961,0.5593812768397987,0.9724695799010019,0.882958924009028,-0.57270345121222,-0.41424395727889124,-0.9578596464670062,-1.5508179427565416,1.761162384630103,-2.2199607077613988,-1.938689583088141,-0.06326582895698218,-0.4676106712233501,0.48930666285095226,-0.07427429499528898,-0.5038268238126968,-0.9560243116677497,0.20583925497919817,-0.13260966862583162,0.11984392113807862,-1.7858082224147571,-0.8869093277753244,73650.0,9.489442044711893,0
-1.3927890458668095,-0.18603629573699512,0.19470634983327353,-0.5794936369771572,-1.2280224264191328,0.09001675988563831,0.8060297349017768,0.15918669642951241,1.52374325866717,-0.4348342857464509,-1.9668168077124089,-1.0545462923629347,1.706153135387891,-1.8648675452505146,0.2842760875494263,-0.8710663850536061,-0.2405169766673197,0.36872379155613616,1.2289416773439195,1.5264809852871106,-0.6377429193551648,-0.41843555725017945,0.8615540158413627,0.5980885792299497,1.2625777575296453,0.40309111307300105,-0.26670210957608176,0.004197804635156147,43963.0,53.726268689494255,0
0.8879023778350454,-0.19816515668552595,0.1243589513960949,-0.4043678231128611,0.588515083235814,-0.7047902081387301,-0.8456301477467206,0.6596531157508801,-0.33503159135544436,0.041757441406273826,-1.8237494935342597,0.012384768258655181,0.705330295496833,0.30763896544924474,0.2944516198729278,-0.6717490254002002,0.23658649075934055,-0.5009248676140744,0.4095877589921118,1.00482749156611,0.44791679387590927,1.0958179893685467,-1.695442722562504,1.2905735009048263,-0.41555050377890657,-0.3814658930989159,0.6476146608082413,-0.3421050350082061,17654.0,48.72090797294091,0
-0.0894879618884183,0.78650572409622,-0.9733677174823148,-1.7212455900539538,-0.18015401532168407,-0.7198867994377591,-1.485835945656234,-0.4216326819215429,-2.2137867750882356,-1.7143289089975862,0.7951780766265533,-0.07078427748398865,0.9744079559433578,0.4252704790981441,2.1281863572747555,-1.5580496645238444,-0.4867726271424162,0.018474331646780397,-0.12391958544893644,-0.45304955839764277,0.8529617215352923,2.5565656135042345,0.03639571402931283,-0.25668411868571617,0.4602493750667195,-0.38277742369196144,1.2012793447580343,-0.719929490146544,88667.0,23.79557824420129,0
3.485970269869003,4.545260376978279,4.083339655332333,3.058130558546541,2.849783888186374,1.8864228859835699,2.6091008797125292,0.04900215556852083,1.451864469136595,-0.025069817584577467,0.7086755657406822,0.6991987106017182,-0.8459636601093807,0.10668667925868171,-0.07109826175658558,-1.783565446165085,-2.2824043645743286,0.830436050613179,0.5627902200135112,0.8812036652403515,1.4167760585489713,-0.6516865023280967,0.3621112997362966,-1.9265774840245065,-0.6649710352728024,-1.1838909941923825,-1.2661946910761248,0.9699978544038947,112350.0,160.03892698966894,1
-1.4498638219066111,-1.5094443581182324,-0.24607233054527072,-1.422332690064836,-1.3668261344956103,-1.2097442859049368,0.3258253793974214,-0.6703423804071837,-0.19853038902095088,1.1922779660243443,-1.9172126639282288,-0.5033794817033244,0.8348995203750065,-1.2135790513356002,0.5823412912099418,0.5233044307729826,0.010165667142568613,0.2897142915241834,-0.6113132944960374,-0.6551594837414145,0.5068767789497496,-2.067913132142082,-0.8168354067849807,-0.08850103932168893,0.6461854728571376,0.5632380889854907,0.9027436087471606,-1.0404463851493635,163522.0,64.45904684682432,0
-0.4601938127246543,-0.9151176258112247,0.8320070429084299,-0.14468119903994156,-1.183109271732618,-1.0506170429003867,0.7149506318072036,-0.6642905036760461,1.123898277176077,2.098898578448958,0.8514794713416658,-1.3824289978977182,0.4311118510559565,0.8885319991578632,0.05094534567103886,-0.8118081408254868,-1.3271999498558897,2.2200425508043127,0.23595612099264046,-1.4058995608224185,-0.6608734679851396,0.7757996686234084,-1.6188421421525911,-1.7788326566602624,-1.156417543053405,-0.6909672129431724,0.8487765422464673,0.887408977520647,149477.0,136.4520861376983,0
0.743197263443954,0.3368524787764621,-0.0437064504849727,-0.9576309493862568,0.3603247720292538,-0.8090104753015942,0.5635502526976668,-0.1415398406729114,-0.0434818672216186,1.1966410277468302,0.4593584752546972,-1.3700801950691799,-0.5193071974587743,-1.4646884571042753,1.2174989373205727,-1.688180424207978,0.6343848326463948,2.0862467959514563,0.2900216884018218,0.5162081815738807,0.2672149215196313,-0.10582510582311552,0.6109207721378129,-1.2231246683608634,0.9239062902378414,0.45539754721669934,-0.08493189833883226,-0.4665222956509638,170200.0,12.902475091650835,0
-0.08247837201730518,-0.6586936458858148,1.740855703809851,0.10123442032130817,-0.9638491095421181,1.1988190226148978,1.8120767740895158,-0.14200990507938407,-0.3756465462307211,0.6868559488347655,-0.783568737099451,-0.2939200592410351,2.3008104729444683,-0.4642628581378358,0.5322865680200921,2.3048954150415493,-0.11252870536101216,-1.1549328138725792,-0.21745862108637976,1.3808794924606704,0.5708990392362399,0.10847479241550614,-0.6992892791084422,1.0766236930261541,-2.9618982623537065,-1.4639055542625534,2.5764802371229276,0.1163034815909349,66199.0,45.28051250894981,0
0.08105437041126562,-1.522427775647643,-1.982916503137466,0.45323930641573995,0.06419869785194916,2.101542443821733,0.2841065164750757,-1.1724837422360284,-0.45191268708975,0.052964334552317326,0.7343809175951364,1.4924461150451196,0.5848778273706591,-0.78812772844443,0.3451514627667203,0.15894725181418007,0.24906156262343226,-0.585895535915489,0.2931174903173692,0.8386298311034464,1.3756068408484257,1.2004096085610692,0.7536790392339536,0.6165585503584843,-1.8451845502120205,1.4035787597873512,0.042859753989183194,-1.0960977454772185,21207.0,11.01727921135641,0
-0.29071668060054134,1.0384799720234792,-0.2965993601550742,-1.420122571064877,1.0619829547581245,0.3321758517460236,1.2176980326795928,1.5700583793087761,1.4734450179316787,-0.5999691273614508,-1.626642664581469,0.803285930701895,-0.2211746873694188,-0.37767572358483803,-0.22435654461806984,-0.3308714856245393,0.6221672987604593,-1.313215980633915,-1.0294124770248283,-1.242453460586953,-2.024175582218987,0.037855496569916235,0.7402119778414645,-0.586072359613862,1.9217451758237396,-1.0487859394441654,-0.8649616522080585,0.0001543829919379461,107962.0,17.93721161529936,0
1.1545697469862868,0.49397008415364824,0.8814816388012593,-0.8132790942459649,1.0326426153462447,-0.7173180159405074,-1.027283849998033,-0.1350840902195691,1.4344512779985557,-0.16027152315849305,-1.2044297528555972,-0.6901748809921471,0.2123392036724691,0.8527803415912049,0.31086020539615805,0.6613789366010102,-0.533531464905991,-1.1714576049451295,0.45698214608003934,0.8586198006308124,0.38130802839441647,-1.3487858671931237,-0.03289971510861229,-0.5769677193128627,0.24911710126892653,1.1869756401381286,0.48034435139369874,-0.7631326786399814,116207.0,32.8502079372193,0
-0.021472567043494796,0.4931774968607472,-0.35069219708498706,-0.9433119018353825,1.560396960762825,-0.42773236114014496,-1.3921609905481027,-1.3837007629135494,-2.137849618778919,0.6128360286792118,-1.4396886385915408,0.8971002657835081,0.9287182749899154,-0.6340767971856484,1.195109006887656,-0.7734350036082451,0.8062589990324183,0.5064220667972729,-1.229796797414689,0.6712755597974802,-1.720448394038824,-1.9822648627445,-0.02867144700490247,-0.0343452917835638,-0.8360135621974394,-0.4603502063361069,-1.8753724504398468,-1.7124156749347348,127952.0,29.182970632676174,0
-2.200415672482062,-0.4754457164460954,-0.7921730690054608,0.7464934250784422,-0.2962933235178116,1.0648123174837756,1.4265570102475973,1.1015345926208917,-0.936254981148296,-0.785142932315272,-1.111503723411618,-1.210047387615151,1.1488683029534146,0.564390537345874,-2.0452883806567543,1.5672129296601351,1.2181597416544145,-1.0027505558387573,0.5203757292141873,-0.4546814719087706,0.7101135232983964,-0.07658890541599397,0.9583937920347838,-1.6896381535014966,2.312693824220703,0.5595132804217576,1.648411418764652,-0.01111278536005751,3905.0,62.16508409604352,0
-0.6920725504744906,1.028938452167321,-0.26588060573958244,1.7063620273868247,-1.0851490718187962,-0.9110678789128364,1.4748597184089915,-0.7482828204111565,1.7770788280379841,0.9331250134763664,0.8786888055082508,0.9686460234228775,0.6004092223164897,0.6941462662652454,-0.09737797310367063,-1.5525459085831739,0.380258394002888,-1.0565321845829063,0.3771036814472791,-2.4587452637033946,0.4518180069121265,-1.1816315227791974,0.3484772973120082,0.5315283461682961,1.141353269892662,-0.14774654903557807,1.0594060486021826,-0.04267703288937842,87594.0,62.6849562091965,0
-1.968796607080243,-0.23995999642712024,-1.3799287476073374,0.8515366153697317,1.0205255103878337,1.452946627222276,0.5107258153135588,0.5082813347446645,-0.36729345397098967,-0.9841160247409937,-1.3336291310676047,-0.4311181065019909,1.2361233571635442,-1.7110396452655234,-0.3859988387270635,-1.3217914712334442,1.3038221997299253,-0.29408218147924914,0.6034749593525457,1.0044769457260294,0.503692708192072,0.2592916407640008,-0.9586444579096234,-0.2923509180608045,1.2207600639629401,0.6966061195205583,-0.36940968218128845,0.8251618768683942,18625.0,90.61560652467634,0
-3.2514384154965383,1.0964352778229522,0.11895377168976948,-0.34941892769912597,0.3096038505045697,1.4165781842160559,0.22606650372129622,-0.017016976609958497,-1.3604734036375854,-1.7792439071134072,-1.1512981355454346,0.7234757361001739,1.4891651049002395,-1.1665806728680146,-0.2683077211475841,-0.1562719303347103,-0.63244165615455,0.7564772661968086,-0.6028141872376356,0.877254416709361,0.8725009602486234,-1.2976043381969382,0.14013792341082978,1.8833294954531523,-0.35627927419729055,0.004336474884984136,0.6746096862122515,0.2877971935495082,164158.0,57.579041845039534,0
-0.5301153497723121,-0.9116651509426222,2.440461840173224,1.4650063896361285,1.1239506500774197,0.07020801514031626,0.1661765946528419,0.2506162270489573,0.004465737319330513,-1.0120990238514636,-0.9516982453020344,0.5770513642575287,-1.2156183153654605,-0.3833522640961437,-1.943837107011682,-0.7833213887606578,0.894456340270809,-0.377848064909613,2.822176223367191,0.4922060927273,0.39476070418139614,-0.3800282915207743,0.5252908460530472,-0.99855212828324,0.7050753220378809,1.3025874187532374,0.594141929700353,-0.9919042455620731,64175.0,2.49184541715843,0
1.3335598501027237,-0.8541354476838009,1.145031498226728,-1.5141077364412707,0.011056071054014804,0.6461299693093061,-0.6881614284343454,0.17102108618146958,-0.1083667972116881,-1.6653806327439367,0.19546372843002505,-0.3250746485647051,-0.46640949595096326,-0.5921215084022176,0.7635531603262222,1.3853369867103977,0.25428886493433117,-0.3798430715811806,-0.2853914848364087,-1.7143406036232696,-0.5914112117594486,-1.4935516329275504,0.17479781198202082,1.0521158381513833,0.5885618457052648,0.6889193518010661,2.033961824336771,-0.59703924797936,77003.0,72.77256396157398,0
0.04711990613059292,0.20466321059769635,-1.1090091065152694,1.4993580521280918,1.1956460244626361,0.7497459478314608,1.5386378999864012,-0.575167777202622,-0.09734503529367135,-1.3723357604870405,-0.33969427011190634,0.2815253768618606,-0.9201622168957727,0.30767152512844603,-0.8131701093058008,-1.620472064491831,-0.9886581497016412,0.8722707503874133,0.07614268813828182,-1.4756366429516592,0.36224179452889615,-0.3903444963323959,0.16161829410144446,-0.6225714440896847,-1.6139767423298632,0.6987820531026212,-0.5919237177480775,-2.4416118222532117,16681.0,3.559844092083676,0
-1.1725457074049794,-0.7023321457970587,-0.8733410823282927,-0.6562142063018171,0.8463874200542665,1.5542101161595687,0.6588808148318211,0.040946287172141375,-0.4795628831362362,1.1321334096410398,0.862339465584282,-1.1168899565246593,0.1167449305108568,-1.9316609593077623,-0.194534098659521,-0.7519702502859628,-0.08955538281767458,0.43399400087494533,-0.7860034983995347,1.0029424018230355,1.1734181535255812,-0.4735081191718418,-0.1743362285460775,1.069429938878052,0.6762657774768974,1.7126316927078502,-1.2871774324723024,-1.096883977869605,20218.0,8.317307948802874,0
-0.9406998682024224,0.6754510653688304,-0.40472780902245364,-2.7802932151547175,0.7164209034176229,-1.0514517486699158,0.5059054445022095,2.0330920537185277,-0.3100769947392829,-0.2001518839115651,-0.7113604849256097,-0.12098586459884814,1.462839536555651,0.7205911644735291,-0.47134053483292443,0.2133040002628584,-0.5365720830709472,0.4186065965386573,1.2956978461087516,0.7957567612886585,-0.08445105343014955,0.563753016566821,-0.14548639841513,-0.9183527188735582,-0.11562484663039448,-0.715915591417161,-2.0525217632552217,1.286391556200128,112438.0,28.84466543368749,0
1.1306132302500087,0.26008774412905367,1.0044161277339365,2.6508047390847573,0.5035228777965483,1.18120465051603,0.37612526747180247,-2.23760584483325,-0.45590775555102286,0.21858026797180113,-1.289427699156646,1.0391751971270982,0.6728497180445389,0.7445735923273858,-1.637438080881275,0.5358673434091588,-0.5586007115505508,0.9015109311462489,-0.5137514833176818,0.4900735652346944,0.05325016979282083,1.3092619283064213,-0.9597814051634995,0.7851953858210808,1.3816408789768964,1.3349019115982688,-0.26222216533812676,1.5008030964820467,43098.0,79.12067442790537,0
0.15762662339846478,-0.9229712178630985,-0.8214870091691876,1.5780230743235615,0.3976990125291121,-0.37522800163865405,1.0479128213568687,0.06595710668270424,0.3339066464786762,1.158113560423026,-0.5041431777679665,4.06160631065189,-1.0258972275288136,-0.16823959227591537,-0.41357924357099446,0.9733354781200906,0.07406179974335624,-1.0230046872047713,0.8810654680433406,-0.24476782460776594,-1.1319871436828337,-0.21169968039058998,-1.4537162063618696,-0.38240654631507726,1.4018232009055431,0.07303793210845126,-1.5732708468382604,0.7589834725439776,86154.0,69.37996800308508,0
0.04799924156205696,0.07286560094510024,-0.6902314189475338,-1.0318837271201073,0.23303580701466686,-0.7677609835755352,0.505005299863868,0.43498147261249154,-0.8127398674458203,1.2591016819088798,0.03485540140955484,0.6581774904423389,-0.2737707808302178,-1.3830586511847867,-1.8092009642066573,0.31552171031763915,1.03937050952939,0.18229605839609303,-0.9628388629671709,0.3907719164710772,1.1349613540145718,-0.8877251614292212,1.094600518150346,-0.7651077737091954,-0.5829569667833553,-1.5174958404541263,-0.13694174884472318,0.30522284397947097,15547.0,3.0408747220784633,0
-0.05346178883805718,-0.35127768818736665,0.8847494335149046,0.16900864759315984,0.2259062395290506,0.10267243186155717,0.7453597695911983,-1.0522715168012282,-0.2896442987506483,-0.5045956622643581,-0.9341080469734648,0.04148551857235474,1.0484743286450373,0.0055835168743357845,-0.9098745537202989,2.169341594054356,-0.326015199783018,-0.6517079733637271,0.2324150755340918,-0.5376254613822116,-0.4556309654930233,1.9207672460831304,-0.6618095854132369,-0.09402736901787961,-0.5434873588482909,0.49019100313223524,0.46407822423950196,0.5861500295885619,66594.0,9.913758323860206,0
0.038400261555346496,0.9158328291770471,0.8646525704751467,-0.21449945225320038,0.9901945955597038,-0.2143442865867168,-1.1689308748745686,-1.370348045159953,-0.14407389555992348,1.3285646423852435,0.27399125835264987,-1.0620761990520293,-0.5114960899600488,-0.5374906425960436,-0.282443598294369,-0.5011511243049953,0.11187110582266958,0.9790509972283296,-0.4148373098165716,-0.3101011981546404,-0.682874419335336,0.3334676512759172,0.19406348364539086,0.529328264274119,0.2665598987638759,-0.20957935965071478,-0.4135064371201595,0.48660564508565923,160936.0,25.467276129542753,0
0.8054056469437983,-0.6325529831782043,-0.3738146603894485,0.10222080329493188,-0.5119796739109453,-0.9874929783788241,0.5100329984638009,2.158915912338294,1.3057409063541205,0.3845977587506021,1.8113489988789824,1.0155175991936654,-0.07670545423756878,0.5666396217232621,0.028184549799499546,0.14557228113975665,-1.4648509985510008,0.7720323687761957,0.8244122790838154,-0.8608706979408605,-0.40072687654808775,0.5812386720058161,-1.522876827490729,0.4580346225516521,0.7386980136189891,1.730871375444107,-0.9309380751727584,-1.7032606814970008,147073.0,32.90722605906271,0
0.5525672973560755,-0.43917309547287997,-1.1177634143727924,-1.4832864375412333,1.7356851360938104,-1.5973304281350418,2.187201511058491,-0.37150373419281224,0.37341113409016047,0.003326577571476943,-0.5882255864004279,-1.7075931661259964,0.32444899384592785,-0.08542054066279987,0.08818278694878785,0.8235478524369676,0.09416959913400778,-1.0550371705917292,-0.33691804951042836,0.25609057053293105,-0.7961366327156748,0.5786655152607267,0.13034024201644787,1.6264390370612782,-0.34784762980566253,-0.5044167860010569,1.269069595993053,-0.8540194735097345,122498.0,61.858281174046084,0
0.21570470002449457,1.2112369053763345,-1.549744823262707,-0.681493982666794,-0.10624254535920759,-0.9420948979018801,-0.5185230052490468,2.0789951616027413,-0.1097002801446926,0.44209892044452265,0.036290328547667255,-0.8514533197915132,-1.801499760744792,0.7282269201553399,-0.10471170905336656,-0.34607032678479616,1.130711286001764,1.2849613096549994,-0.8800504345732081,-0.41544615004737934,-0.21352213160274397,1.4222017192610854,-0.8516944013984891,0.8733021654370691,-0.04557284754701018,0.0502920671892555,-0.1642418569166501,1.1753097956421534,61508.0,26.82824723346902,0
-1.0428683575900106,2.238593389242513,-0.6989901269101042,0.46796128274761895,0.9853821950888337,1.4523572256627557,-0.12882886840722252,0.535763310296226,0.536187970654596,-1.425626619265902,1.3433037411731101,0.3126949213329078,0.79959052885358,-0.4333221757080978,2.170678009433769,-0.3239814536293969,0.7904938733446989,-1.177102839551977,0.37089710497071665,0.9458239052632469,1.2447853014517811,0.9787390678250558,2.928280884283461,-2.567530781376564,0.6934880908883545,0.24022065726992725,0.2809159123516775,1.170515251252019,95505.0,41.854268273914684,0
0.511108764909727,1.999008664227936,-2.230528902271529,0.2226961699555749,-0.090241187788843,1.9625695034471387,0.8919437089100248,0.07614106036211274,0.4061182868760541,-0.7861011547560429,-0.6578039577127986,-1.2552565901459525,0.3623149896384399,1.4426145041306382,0.46840502399523326,-0.49540390901451137,0.45853244805771537,1.1203073631032279,-1.1916459308176033,0.7155813182089709,0.7840168495306037,0.6483007494045749,-1.0417143653268823,-0.34281448509241025,0.5018819310246001,-1.9547741908423308,1.021427150918871,0.24333493050360683,42696.0,43.67481577318142,0
-0.6842470779924941,0.06322301166060816,0.7498198819099152,1.1992385100066276,-0.24666599543029064,0.6501164460241168,0.9573031656056908,0.4759705120484444,1.087834856590392,-0.10814244570321527,-0.8580585247810589,1.4983141809841711,0.5885257522739861,-2.3047607460804067,-1.1886339223264244,-0.6753130264566174,-0.5327402203126397,0.17225036610094988,-0.9664730341257299,-0.8074635158547976,1.3871233429240246,0.737402536126549,-0.9888177920382951,-1.9272099667212197,1.2562832342730232,0.5209826601498965,-1.3018867602521034,-0.2996493354672546,27616.0,10.246562253864289,0
1.0938456759004787,0.21885470706822427,-0.6300306998045586,0.07975025742709378,2.03224148573078,1.185925464911603,0.624427091992447,0.6350054454560667,0.5065132124330101,0.60970763126665,-1.1055717812184809,1.049807556157376,-0.9586594667401073,-1.0161753965584812,-0.5791421871937458,-1.1595316862684428,-0.9765025285524683,-0.8857793488915847,0.6730437694449762,1.8262771865469567,1.4461797616318675,-0.8832703986943031,0.9110965120269091,-0.3262472919932814,0.3136836430697092,-1.0198874754192975,-0.9080366944125298,-0.3734322605316817,49080.0,56.87554931747185,0
-1.2710508217241274,1.5334586622826605,0.48129366424513825,2.3492216858979997,-0.30934478520137687,-0.5168329655904074,-1.6176002631504405,1.1796552233771,1.7939106955512631,-0.37203104966976486,0.38528416727601006,-0.6162122831763618,-0.7479932329502497,0.4908124158180483,-0.6243145637506174,-0.5880245312693941,-0.10425235556861824,-1.1285423138656407,-1.8329130094784776,-1.1162531113978222,-0.8287007088404008,-0.6337657132966776,1.1045393642040453,0.6769463401157432,-0.8345818136869085,1.443597344787052,2.6133932796935584,-0.5300732559945889,120940.0,104.00217064729601,0
-0.13762097627558853,-0.12443480624463125,1.8683248876013339,-0.7157315571686473,-1.2772167626756437,-0.07715167508177227,0.5017302747178614,0.4358158454969666,1.3446170463331084,-0.12731875805224463,0.5008101046198885,-0.603216644106407,-0.5768332238426559,-1.5109159302400783,-0.14427439099950112,-1.5797825170211524,-1.336243157326416,-0.3285004606585659,0.666224604248048,0.4478041765001946,0.48535223018790086,-0.13299287653821598,-2.1245021063693827,-1.275133439200911,-1.7297611234055479,1.7084326401094838,-0.1213931298893782,-0.9078767944729279,3869.0,86.54819538218874,0
-0.007358286291270949,-0.9763491371373664,1.172995707132864,0.2593323919535436,-0.7140821590207356,0.28276473227999394,-1.1836745148601586,0.14461062745018546,-0.041001409156363924,0.9694345939731951,-0.16318270024287548,-1.3689852028867926,0.27056495053871943,0.7359315711815871,-0.570247218530985,0.341824888025258,-1.2330896000630276,-0.052963702373071776,-0.43447765986731274,1.0779216148783552,1.45799113443091,0.06642288829529369,0.22585446610943852,-1.1192744545620383,0.897685248902399,-0.008805010085138789,-1.031902358707147,-1.8948897600333867,97615.0,55.9663805244154,0
-1.3246455506441366,0.11687559743629844,-1.1511348379469908,-1.916317895933467,-0.31722795350820043,-1.0812895849058495,-0.8247019183047019,0.176287516933779,-0.4145096418721032,1.411701623582731,0.026584460514226416,-1.451015957165511,0.09034745480955668,-1.2167196430023652,-0.8222244051846659,-1.6244316585675656,0.9217762309219181,-0.7277875301887672,-0.9220647506212052,1.2752281088394868,2.219012797801382,-0.007896810832230414,0.846472794935818,0.19983277933642926,-0.2708467808414663,-1.626074601029064,-0.2210111976172154,0.15294164116197875,124818.0,73.74548804969814,0
1.721971643856479,0.45151678053213146,0.8692489864766937,-1.2531331287645449,2.155191852717776,-0.9899441668603466,0.5480537862384456,1.3519133220789787,0.8825557534249039,0.7671330473597029,1.2570980729468966,0.3977294254609603,0.14781650288228057,0.09319785301136893,1.6822887582141706,2.0192269324995946,-0.9196489375247653,0.524167863982021,0.1792227827105521,-2.1969129810052763,-1.3245513248463678,0.2817546352197957,-1.2455513792235817,-0.23081744815401203,-0.28574688199747184,0.18615028529327657,-0.5493407557673328,-0.44040605010028505,2497.0,113.91397000489759,0
1.4604067672595522,-0.8291496178182481,1.1578570275164373,1.3285259609313695,0.2067559322063145,0.09717730670519023,-0.29582412356006343,0.8169682421520962,0.5166290323892743,1.268422070455751,0.8496487674362452,0.579287731858848,1.8117169314276056,-0.9147561371841407,0.07722232780415728,1.654924357275158,1.7669664632882882,-1.4064456761364161,0.5477895831278506,0.9968012287771469,-1.333968058534541,0.0002599582607985746,0.6522471417061618,1.6330561511995991,-0.22661952316259293,0.18052955163788073,-1.2241873798962388,-0.20559970368117142,111486.0,65.99980432334962,0
-0.46358376160908316,-1.6462311414991517,-0.7463565180960922,-0.9428027674786568,0.9347133997992969,-0.32030392690775,0.8096229130477688,-1.0020215533226031,-0.09456896593620655,-0.40435983904899525,-1.4202317537041567,0.3062848559362316,1.3254817429205068,-0.44120526467016913,-0.30387252942635384,1.061381077679022,-1.4262682900146264,-0.03656428908145208,-0.6051307384543896,1.214945321246271,0.4732992660900349,-0.4526094274559495,-0.5525912183853943,0.37754111785458844,-1.5367878971881126,0.7387617719816764,-0.3798260787684355,1.6979246747859775,11402.0,47.90904178101077,0
0.7717211655645232,-1.4367295145541013,-0.9532969230720043,0.5306751740014318,-1.0015999568800835,-1.06355677953922,3.148138653750855,-0.6356287972592959,-1.4769515315492654,-0.30643507949272375,-0.029496611931076118,0.22042784374830832,-0.6990215248869384,0.17462381401949528,-0.21896113764490913,-0.2511297726499293,0.4145646536397024,-0.028684607797390745,-0.21705443829821366,1.433241965947321,-0.2941167362253522,-1.6454780626184489,-1.021073097559842,0.5867181028646975,-0.33035340740369495,-0.30400214084338345,0.02033624826275818,0.5899799063582978,71827.0,14.424899451083265,0
0.37867606967021183,0.665429284172329,-0.1096918973385416,-0.06177085735139875,0.3526082897611467,0.3865321292729485,0.7771800503839431,0.3307488240773755,-1.832373842340399,0.3183536406709571,0.08417011532839369,-0.6081815768073716,-0.6335023535270057,-0.10473435202637815,-0.18347144098200352,-0.6262729473664342,-1.171543619517504,-1.870048748522949,0.7095927269000352,-2.2168715119439724,-0.9230663434144204,0.8079734664523326,-0.377056234446427,1.7993416543239606,-2.590181066009755,-1.220967090753275,0.026841224550194234,-0.687428043740814,1810.0,82.21259398365099,0
-2.613559463345258,-0.7583765163118437,-1.6014233495161816,-1.0445489576875715,0.6714783483964631,-0.26327930047632614,0.7228526530144717,-0.6229213252996771,0.34825855069514056,-0.30107226867947706,0.6979531506578072,0.3152804727880956,1.735727414437513,-0.38131986314123995,1.426251868945609,1.1779582188210342,0.1614869231873794,0.27487583557659295,0.6654338936693667,-0.6744187111566365,0.38924358563441286,0.5603118138510599,-0.4873831976455934,-0.4425413832464608,-0.3427925281826298,-0.14591329684317053,0.5951691683749168,0.5786680805354303,141218.0,12.9548064985065,0
0.2503980162775905,-0.14134709237111392,1.470734949301553,-0.34824927418715956,1.8016269554643518,1.0213539508595526,-0.8957274789573528,-0.37648701939796203,0.7708422654620234,-0.5071296227030885,-0.24645952461575477,-1.5227842690681068,-0.29697147956851505,2.1531160855719897,0.5119180282611809,0.13783512042867124,-1.0414280304834538,-1.2721574032056728,-0.09592892133392499,-0.09848301558239399,-0.7268284927395824,-0.9024122520302102,-1.410536861891568,0.05537079426846903,-0.8468826707503767,-0.9496408771548634,-1.7435255888559076,-1.4797927298595734,118229.0,32.295599341104705,0
-0.061344079833248494,0.21255868433783848,-2.4053637930304905,-0.5142336346467203,-0.6962704483239791,-0.005181101817816217,-0.6429642734318147,-0.9559195817190035,0.8034354820920951,1.652144333677019,-0.6694006052342366,-0.03787674419300685,1.3988387877569504,0.008461770772157403,1.1568276526341335,0.514426583316583,0.029015909422147896,-2.486624050706281,-0.7762908431919436,-0.44461694380728767,-2.1405830450295005,0.4706303388898531,2.196453755452858,-0.9317066296279071,1.947081747224122,1.8171333456354974,-1.4990117078408076,1.0439384563703704,57219.0,23.275343684350467,0
0.08321735347453037,0.6191408790947098,-1.1068074157420604,-0.4873658684579376,0.603489462693844,-0.3003064591195954,-1.0636618865511003,-0.2616428595218066,-1.2871717634638586,-0.20118092471986188,-0.48301913431095506,1.4326032373795945,1.6186219357210616,-0.969960134640108,-3.0843471000847216,-0.7609624077390834,-0.16609241522145377,-0.6335417622530524,-0.941989014827321,1.3372318380522636,0.002742245648646284,0.36801434173976305,-0.4810934284592768,0.3141522794532613,0.5252218315943651,-0.72546996614147,0.8535629795882745,0.26559709834291595,128105.0,41.16239328901514,0
-1.0768749198271783,-0.3349027987134741,-0.2695651640091679,0.753608210927443,0.3025839084533273,0.12767318468091607,-0.5325958365261854,0.42362764015508114,1.0373438424431685,-0.9660141287028223,-1.8038481039518237,1.28118020582691,-0.5223490168762666,0.9276010331033875,0.36019186198976144,1.01814227336128,-0.4585038709805054,-0.25471176834674353,-0.609427788602555,-0.6771365269177885,0.14426634072905387,0.04680237276838506,-0.7707511930536656,1.0883049420105646,-0.15066432926327047,-0.6689625810132264,-0.4149545197843267,-0.1859251248897547,37014.0,18.131301488720617,0
-0.2693470462204049,0.49871570048060176,-0.22708709133068325,0.6523445544165802,-1.0217147105319773,-0.1719834539988956,-1.0917520559300893,0.9951616163876045,-0.5341573155682765,0.48739755201558643,-0.05215402087396961,-0.5109700459918828,-0.24948654508898932,0.8206616748297253,1.0933982288321011,-0.8415061085435924,0.4955278359337512,0.860169189808972,0.5989473971601583,1.225773721231428,0.6328777382744762,-1.8604654435392003,0.8205343044133372,1.4209570220504948,0.2338510156981317,-0.048126647201763885,1.293478753654927,0.5696422298921145,78438.0,10.869490656868008,0
-0.17825876338229713,-0.8900602921208429,0.16612417314262437,-0.5774256966270559,-0.01945623558618069,-0.6680460476914073,-0.6596900170661099,0.009230948293718712,0.3884215217738087,1.835794860042824,-0.6240267374757776,-0.38135103303142737,0.10283117325648954,1.222924156648967,2.0077728615610932,0.06123394026006687,1.4830445083360912,-0.5083223380092441,0.5031186314849974,0.5601404867762639,0.9220629432115507,-1.2288668922684634,-0.10068246117812493,0.021281270448815726,0.8137540889485402,-1.2720741531781157,0.35405253163169054,1.443435571376198,5747.0,36.159471959182845,0
1.1880942172123188,-0.36171402567801186,0.2714485686748367,-0.907102803839221,-0.2634749095363905,-0.40195608574870895,-0.20872183531799596,2.0748500296109014,0.4166913746683316,0.08080914399911227,0.4383338709643181,1.3364960580573877,-0.8437613744664181,1.7872583550970107,0.06393213971555951,-1.7697646106516345,-0.5969783945493474,1.4203756216721068,0.2451458964110873,-1.4513789139862963,0.19835054964459672,-0.6251684231135985,1.2970096196454068,-0.6509610788216285,-0.7067898194835165,-0.45712366705527485,-1.4104465980657597,-0.45302897822916033,171137.0,16.512578016793192,0
0.33442706039101433,-1.0244155877878707,-0.21361201462544818,0.2823373345183147,-2.325365425946784,0.7494190419874659,-1.0005738679718648,-0.07641338738879899,-0.8024864355697198,1.2313729529633242,-1.0552514149985175,1.747688226305133,-0.9578633979151616,-0.9393362601662621,-1.6822095041006284,-0.6990110493289264,0.8645401634857397,1.3862773968627218,1.275219809509585,-0.9901083422161253,-0.20164189932133628,1.5851767283320535,-0.29423279157248594,-0.7057254549748517,-0.16810919441192582,-0.13882023956781558,0.5934723116932734,-0.970645060391633,30701.0,15.519986635184875,0
-0.005555030202663769,1.1317672163619168,1.1368863187699414,-0.10001541175059649,0.5986691243822296,0.6465167167989722,-1.419097100962425,3.193423156327079,-0.5913250489834989,-0.43784767972527644,-0.46581271865899926,-1.5476276889476592,-0.3811927646260781,1.0595218097156585,0.6237260302394794,0.45244590479750907,0.07233358749960106,1.046096720707364,-0.3245680184611813,-0.4684110192350002,-0.6121214775470508,-0.8823691343438167,0.3205045386857039,-1.3320359153572503,-0.2960532501706934,-0.5012468456227213,-1.0004242325224049,2.0945738297996646,77150.0,84.62757660326658,0
1.5289699979109401,-0.027083228066991226,-2.1393761696371945,1.0282824624497804,0.5402434197435296,1.2862278093640918,-1.3614635245776028,1.0016520891003808,-2.073052743223515,-0.49131409995602815,-1.0092391130869673,-0.47396153335145175,0.872697587893109,1.1395994139552883,-0.5642167717346763,-0.49592548174358925,-0.04124659826311982,1.2731442233297818,-0.39927105201791663,0.09660856618361158,-1.5489770161859968,-0.37167947975152266,0.06381204922367707,0.17922125567546973,2.6110197249219227,-0.2578455182572673,0.3086089596602015,0.02064177839341728,77643.0,3.679784218724855,0
2.944752070236353,2.7606925123697006,3.499835486083039,6.1552935706133916,3.0610652060039802,-1.692993943279692,0.453921112393729,0.49672243182245396,-0.9167405457459962,-0.6898210531042429,-1.0975210761625993,0.18908322492914845,-0.4278930144556034,0.0003642971974378644,-1.7568998705589571,-0.4927308153865947,2.16043999670234,0.3151102825486383,-0.403427876428028,0.992041656535221,-0.39499633981212257,-1.134042669417327,0.13675815908548372,1.4134485124500935,0.14136869348949652,1.2726792447675095,1.3063693304002342,1.481937969344859,26553.0,209.15529553245833,1
-0.3894303048753847,-0.3523717980651465,-0.7145844117153977,0.8429244344247891,-1.3385619446146981,-0.39309067892331173,0.0597465313619631,-0.4990336440576174,-1.8025420591537433,-0.14341045707523614,0.6673134101564022,1.176976541298925,-0.18632241771491978,0.24516360927008568,-0.5836804169531016,0.7377828697193837,-2.1613481235521217,-0.5783602161621508,1.7685351012805985,-0.18236387151873643,0.9751474419505107,-0.5169784566989857,-0.23573775142773798,-2.3050310177749016,-1.9473858869281409,0.4445230403453923,2.2158400998182426,-0.6628202587689256,57102.0,35.10917713924836,0
-1.8167550113390598,-0.22172848072327495,0.13251343514348632,-0.034730271064206376,1.4798808671326216,-0.4145753450492208,1.0259403283148534,-2.8244940202379314,0.43735713146789323,1.8363470040164063,-0.49821122322866834,-0.8868810658114548,-0.4452405912619133,-3.0027823123088093,1.091266308599845,-0.12138850911104793,-0.6857677094962974,0.608460847948769,-1.9823842793900894,0.9083049179885853,0.6448951664289473,0.3160878873551108,-0.1325120440558274,-2.110699492740789,0.882940523417697,-1.3716242763816222,-0.03022596231347605,0.3791455898018079,119292.0,43.22783162991422,0
1.5691058462836123,0.7005197913250095,0.22075983794627882,-0.17204397087905782,0.2659992873937966,0.17177251230779197,1.0444392184672022,-0.15513161264867004,0.06141691606163593,-1.1554951772849027,0.4101551917527332,0.5988588763974589,-1.3448374156285632,-0.5739494901054344,1.2372370768095815,1.1881757328195968,-1.8047609835751492,0.9232407952228573,0.23789531574799505,-1.573071184386164,1.9816368510977334,-2.095443485644852,1.6361642271438137,1.4567868386260008,2.71693551322351,-0.44052733731517574,0.7593769601635969,-0.6288078282826277,76762.0,11.201268209786745,0
0.9643323681944285,-1.595636178185236,-0.911828876494789,-0.8566941204641656,1.0167012940116213,-0.4521572578998716,-0.340638921950905,0.1782182943626417,0.9140520690726459,1.6372388301759626,-1.1540238698415464,-0.34723344053164656,1.5043758095222022,1.7879632560506071,0.7570603509348064,-2.456698991737256,-0.32202165059868965,0.20528629983619529,0.385680596194884,-3.048083007011884,-0.12261484026184144,-2.857168163007548,-0.7047655862453235,-1.5462099962135096,-0.9139031868301518,0.7650269222349765,0.35032233363577675,0.6313784249135305,17822.0,35.42896016575045,0
0.9168480445117076,-1.037205841625419,-0.6409489965354924,-0.9066727843825847,1.4103217967020154,-0.5131830076620426,0.6700435744045339,1.9224532049550282,0.3565422311893186,-1.0084475834576556,0.06151243186372376,2.3387542743989083,-2.3222351408353203,-1.7868448873773322,-1.0123859537590325,0.5164413258579077,-0.2384950181222822,-0.2714057978058381,0.02348370604968352,-0.33695495786235086,-1.680645359406745,0.6351150068254956,-0.5715422097651772,0.38964284174568886,3.6329309081014176,-0.6671828000829959,0.8551104088672009,-0.26845259078438427,9307.0,20.379968964951537,0
0.6688984464469374,-0.3781072515574971,0.7925867232518442,-1.003415510501075,-0.5209067843230216,0.7829749234567991,-1.4405205465585587,-1.3797495510250428,-0.6347577186157765,-0.233811433507605,-1.7253315337683663,0.38599124259091194,-0.6340732305779254,-0.53569338443974,2.552882941945256,0.4550235301657672,3.7631766765169505,-1.5748309889275878,2.171730428003397,0.45840017536894856,0.8118197423154438,0.009065830088286582,-0.3702460802307984,-1.1960527896473316,0.001644070544446027,0.08368116178341145,-2.583672793753655,-0.6577396260477757,12320.0,53.77793586701243,0
0.110148587663652,2.5323058327678063,0.34905626865098566,-0.39533517140537894,0.8121545326407661,0.17808751533609604,2.283023537038375,1.905886363319834,0.34620106574835263,0.8357914404524925,-0.5153363733989789,-0.18079100311808557,0.5787255413346782,0.2879359825906904,-1.1333031511408171,-1.5883609592949326,0.3315658380577897,0.6360328070014165,1.0729508967208494,-0.3611624015668684,1.0125122545237137,-0.6296640770454714,0.5375292155350867,0.8404758447043605,1.0920793376865867,-0.02968459169311567,-0.35875285167589177,1.5392659261528487,4540.0,12.633859443081349,0
0.21548893918232892,0.9556788925319947,-0.6802484366024778,-0.42714344576083985,-0.24114901367011132,-1.1663640224796257,1.1954042991879597,-0.25124440558741695,-0.3904251137498844,0.6302657831314666,-0.5404974526043846,-0.38183768998080936,-1.3758427518945908,0.575563372292435,-0.04139838544627214,-1.343658916905536,1.7668396575930685,0.3165391261616924,0.6956980703372879,-1.0095604695563691,-1.0932886769247496,0.9414222428419602,0.36935540509199133,0.841250946553181,-0.5128783503663222,0.5416987667905406,0.34040324929170585,0.3405612187086366,136014.0,8.522528747557708,0
-0.2520065902673078,-0.11145167913094357,2.0398909593419425,0.7437307065618273,-0.0625486414998812,1.3345063211551143,-0.21503339517460757,0.7240568785054531,0.6090616906347722,0.28203016036171524,0.5439473911326945,1.0143190153294461,0.6247452567402023,1.631542340348432,-1.4083662711211355,0.8238549110871499,1.2745801883342676,-1.3128444648516768,-0.879739405984202,0.4223193437182048,-1.5185534222060575,0.9432868917870085,0.8995057749945247,0.2294324362742295,-0.2112710062198832,-0.1836987473227538,0.524169285326833,-2.003404844718125,116820.0,18.50078723875054,0
-0.20360042572294623,0.7119995824108395,2.309177648495082,-0.39899901500045487,-0.08561561663868582,0.9967520503086131,-1.1631994341034164,-2.5398464155294698,0.3153729657894087,-1.649366042699195,0.14057079568141373,0.636402200074803,1.2723274096471102,-1.762823545994428,1.3539967790754188,-1.113979992034656,-0.44786299517284595,0.06797280974951053,0.4393260798821483,1.9329457347716341,0.1671659854547839,-2.118726936356881,-1.359316440121911,0.8847962570937672,-1.1983868458890985,-0.1448574366087709,-0.733915818157708,-0.22847754259785524,67048.0,123.57937582620023,0
0.05430361171369427,2.057436169630336,-1.4624624789603549,-0.1974497164360777,-0.001318932455036746,-0.5739596468353875,0.3800485772019601,0.13903038150941524,-0.9885732284276032,0.3622341251425689,-0.21502162120168344,-1.1324331357211013,-0.8397501492527603,0.04276636974936904,0.48301796143482256,-0.6852187220075845,0.46306567610392324,0.6820133519552941,-0.38098704506193126,-0.10340544312132177,0.7007978368379785,-0.19340163190072393,0.2284536104394934,0.11186929011549701,-1.0196130086987403,-0.880617849966759,0.8898553359100261,-0.9035013217976859,71765.0,8.9583101835148,0
1.5118295115637772,-0.23374392677539008,0.30179496030034325,-1.2182740255558127,1.1139601996293393,0.8312804154193407,-1.870073528483324,-0.3437320539310781,0.0021990796631748185,-1.0223647022306919,0.796810614146495,0.1725987667009524,0.22851095014364453,0.8596719877760195,0.9255184728565521,0.54431320648429,1.6417831213812777,-0.13775703444420412,0.012636162652243987,-0.7260088889509835,-1.0480775470900205,1.0805273120429617,-0.20390335973737342,0.6247166379267574,-2.1358209918716047,0.3685350983962052,1.1764590634322374,-1.2016964987150822,59682.0,2.3144829901105943,0
0.5556879018080786,-0.36641334409756016,2.5089944356323914,1.644575629197004,0.1238275310286112,-0.7351632399530508,-0.7793024361063557,0.682429410154782,0.055334046750873604,2.568909126646248,0.14998364126378205,-1.389425701365665,-1.0906538848657195,-1.3136486680662929,0.12793751021853003,-0.38239895062184776,0.16002813885923303,0.7423273197021399,0.16106969277651825,-0.8454386264922912,-0.3030312125274052,-0.6938018374073555,-0.31320012812024295,1.8829064464615675,1.2396784234251965,-0.9513890838130054,0.11336621045239262,-0.5735639214278936,135763.0,55.58582420525393,0
-0.058460125758861455,1.2119435432218957,0.7838986291848924,0.5069864095865559,-0.15373274805809609,1.1256984104637593,0.7487575590045316,0.09122528775677263,-0.30771095225640255,-0.21342853450273708,0.4959173207301414,-0.8041476223538612,0.5267173074489333,-0.03968924831475718,-0.030283311400181062,0.42311018953931795,0.19530247473400295,0.7136276235306709,-0.4821138553091704,1.9660188132550123,-0.720246691150535,-0.3391397426119386,0.13362825234572506,1.158952200969834,-1.1152259897250758,1.7767751742646472,-0.19213481939931076,-0.4688657430208526,101487.0,2.173408124417911,0
-0.5793920504433961,0.49417549813294265,0.22106014291254644,1.7888731692239133,-0.2765372315166119,-0.21783124008815336,0.07544900009403648,-1.1422396214121535,0.8949065759978173,0.18871986650113637,0.7240315799638942,-1.3449744017125536,0.10800830932794829,1.8847960463611335,0.21264634000683852,-0.916566896115845,0.48644820404392625,-1.4861176401775176,0.5698811120166974,-0.040314106165251606,-1.1079096610341783,0.9263169292403648,-1.9826926520833923,-0.5939816421395117,0.44497589290800815,-0.02071720316396579,-0.32536425844726974,0.03676547681067045,146148.0,32.06400134860928,0
-0.6349984874116595,0.6713331553225568,-0.20805683335943306,0.7968857920360226,0.3413141492052006,-0.8028423954226684,-0.49096473084368786,0.9469876372890286,1.71305090070339,-1.1467013904954149,-0.10889480046759324,-1.3762911642520754,0.2351101003978363,1.3165064287480361,-1.849840736520162,0.24359743335365508,-1.501921871372858,-0.32721686870943223,1.511308205460075,0.6121734116760448,-1.2364761575117258,-0.293663810350147,0.24198294361208617,-0.7383918921807345,0.4033397175141588,-0.22950870702217444,0.18425820460798467,-0.7819035823317549,42827.0,78.0409126761968,0
1.6027050111724899,-0.5082223992805806,-0.5411942858767205,1.489635951913291,-0.8948680633079112,-0.37310439581673016,0.9507395791368844,0.6946287393015882,-0.3677337130496838,-0.47888011497795885,-0.33630038103203186,-0.7346680376739676,1.3856941671831633,0.5394983111693948,1.0328680227581175,1.0255240003915567,-0.8163713482546139,0.44767316861911505,0.9517570846407177,1.2200066862408656,0.15355521466394909,-1.2213838007907718,0.11439546056365198,-0.17445844177891826,-0.6031768287980733,0.8077828481548769,1.2546414836406312,-1.8404558198568444,62455.0,36.767626262394955,0
0.5066873042271038,1.9242031323427422,-0.2125147026197359,-0.24848752544496672,-0.5026584305499648,-0.7658303704836539,-1.0386340108947445,0.5967681961293292,-0.35069848306693574,-1.2910421611464897,0.28359325345123587,-1.029120632878308,0.49066055449943724,-2.614080606958602,0.9524443605657394,0.27128469880453027,0.32172051583889133,0.8737237722186249,0.1797641084061471,1.0771781875794275,-0.3358366369014116,-0.7116234188648903,-1.445984855315955,-0.16451558161057026,0.11292153028088917,-0.08710761509480648,1.5831301914834945,-0.5271350411430814,38812.0,22.481654946165996,0
0.06755055831065467,1.7095908015936603,-0.5507294124081377,0.7171608079569028,-0.05228058110725458,0.19213966265930454,0.28470061582877265,1.0089153621274212,-2.2480631778791014,0.98153273429241,-0.46021427335252213,0.48497061637292677,1.3654190948655238,-0.13033440228703064,-0.3530752264544792,-2.2380488552200597,0.5287199184399541,1.3605453607079594,-1.84460079130825,-0.9219533863274326,-0.6210187506350722,-1.3501605419811753,-0.12330709920688543,0.13592116562537948,-0.03379254653395349,0.09054685439087773,-0.44178305746588886,0.8746999577182675,79139.0,34.7050289667037,0
-0.34618184215272274,0.5659477888727499,0.7449083585580341,2.705506369509455,-0.5658483122083673,0.175105233737872,-0.49788550133597076,1.1009674412509844,-0.12891940683385644,-0.26197243172769713,0.34338287088463454,0.7549924571325797,0.6535818968695851,0.38642056579568995,0.02713282714150338,0.5958770734943524,-0.9220765348479107,-1.9221284109149022,1.0015453453103225,0.9560303459195579,-2.4711267116299855,0.5272474114037005,1.5078335726510015,-0.5384567056421675,-0.4460891998364876,-0.05384835935923591,-0.9144947984953576,-1.3496992222119812,104087.0,84.39900869305029,0
-1.1090534117005277,0.6842898381472375,-0.3981536526914417,-1.2235344616058148,-0.11847615293687452,0.03580296527818222,-0.8473704568163943,-0.021811668905907695,-0.4361827001745741,0.5626608092624137,1.0627475063105163,-0.2848823856119362,-1.1802210447085641,-0.30847474659445673,0.3396135844458306,0.005062393339120286,-0.33232622676128704,-0.0956154987915826,0.9936317538643847,0.8438367220096986,1.687497419541326,-1.7482990995750418,-0.41374344088700776,0.7167155001328468,0.11415332669962808,-0.7433933856816454,-0.7733158976253621,0.6161660538948203,132185.0,12.612934991327917,0
-0.06686155746989603,-2.0272608722430356,-0.4411515120100576,1.1762689550642216,-0.6107768629190053,-0.5566154456616721,0.4633957599504301,-1.3576574727685473,-2.161179147548235,-0.684587231843967,0.809118016736485,-1.168704678524303,0.28080716131561445,-0.06543914318151578,1.6104150553449816,-0.9550149944259239,-0.13379696447895237,0.6758304394204762,-0.20297600713185046,0.4892395800003103,-0.8826337270960557,0.9745676302902454,0.5591108362666223,0.10336146956237047,0.11502367298480556,-0.9447526712941243,1.053664484559518,0.4577542648382061,116371.0,14.526633083042027,0
0.873658034470201,0.6377097934972082,-1.2021606868290806,1.6979442184119353,2.003957779028972,-3.661081810206792,-0.9928794341305742,-1.3849622721488932,0.2884936692111808,-0.501142471079419,-0.42578973050964375,0.7625884272137651,0.5088838987517681,3.0834236817399594,0.472505107015523,1.3341634491352141,-0.16224860339005406,1.1775175296238813,-0.46994058445845815,1.009614590051429,-0.1123837756084749,-1.6697880316404783,-0.2525188184911863,0.42707248857027247,-0.9869397915685812,-0.7167046820901938,0.26938545218887283,-0.44121127267185906,23083.0,35.78568562931241,0
-0.39253724683749003,-0.19410858722532306,-0.04958987438030339,0.4211275777094194,1.3290607406478436,0.09283561532273477,1.9020064487449166,1.349751233985494,0.5910132047849933,1.2881806469639405,-1.328449405818597,-2.0773160090502136,-1.4262310205779523,-0.21446851928349694,0.08344284632939153,-1.7894508858029246,0.6746756046521002,1.634754395928349,0.6007329138953925,-0.5612731415639788,-1.0682608731376217,0.01885215799997016,-0.8335930778991498,0.07333713593913176,-1.2712045468247213,1.159823436209208,0.3485871262039426,0.30950775632366545,5124.0,49.8044240917569,0
-0.2272425830005601,0.43390570582822213,-0.8941216734390032,0.7652124357168802,0.4499521630644412,-1.8962343779369233,-0.584716845467998,0.7104474391610888,-0.7341067371890957,-0.9716932777313153,-0.10094604480682845,-1.984188207962585,1.3528864926557131,-0.9696300967530391,-0.4677933150554571,1.8131790551403126,0.0929144558895492,-0.952697422374645,-0.7808458432041862,-0.07433207942984359,0.3792484254189946,-1.4914317891527777,-0.9416083054521353,0.6808655055793278,-0.8112132125720316,-0.6431233748300487,0.536655741422805,-0.7400302661319841,139234.0,2.2405545776251756,0
3.2789656485610217,4.182459411846098,3.319249831270906,4.779634467713052,3.446381481861137,0.24418835156900484,1.9898199829749341,0.10202934754299325,-0.37261232926005544,-1.8014440194195789,-0.17089001420996022,0.6855400900050835,0.08739241312483298,0.24286729494857237,-1.4618518908105549,-0.683384964764794,0.15175652733207592,-0.3980702433176711,0.7318619293987767,-0.5247063296241106,-1.423399495096527,-0.3419534709173818,-0.4228138788243449,-1.1279158674203944,0.18661236907322148,-0.41584418532473294,0.42800044985400804,-0.3940744106359917,41874.0,195.19424862310444,1
0.10959436799816868,-0.3412917681082754,1.0418155527215323,-0.6702951659654681,2.190764162799211,1.1307937397222436,-1.0939707893231796,-0.434648255199576,-0.9664838127721675,0.4062401599587799,1.0587739529293214,0.6139796222560792,0.38743446669370085,-0.3156733976267393,-0.5542963177813859,1.5140483160167115,-1.4148706789887162,-1.0703646104344238,-1.0338107910642866,0.7583114183208968,0.106429636492618,0.9950937229715456,1.260021967949005,1.6463201378045316,1.4854836715595563,-0.46029146258587617,-0.08427400678770902,-1.0103430290799085,63395.0,45.38504042789114,0
-1.593010878745609,-1.6904818001870843,0.3659248863111264,0.4174117281438917,0.32295290807362015,0.2738856385847244,0.6059514183291346,0.03155709794026529,0.7625421251447387,-1.1413332093362307,-0.4280395975147865,0.9336893195877818,-0.8771633239382771,-0.309748153298125,0.11373828964310291,-0.09778004102491274,-1.0569365495485896,0.7771422611731992,-0.8832717339845932,-0.6530868870635641,-0.1631824495166498,1.0951058466278891,0.7802579370961188,0.4141118937249621,1.5752558993716301,0.7148363852874857,-1.0272056299649028,0.4637419544882038,99933.0,62.4183282939105,0
-0.235398351965091,0.36787456507423494,0.5047252947854309,-0.888004935618753,-0.08684550786885926,-0.3894365949509105,-1.1995756916419236,0.024794210060459235,-1.517443991457432,-0.43946639480280486,-0.25473503432592326,-0.26149270444934586,0.09191277706850422,-0.087098482694409,-0.20950372158821853,-1.3783168451989611,0.3056105940413288,-1.3371684239076747,-0.0007673278159298616,0.3933327457638276,0.8928221524300128,1.277401192106914,-0.7285726336696144,0.5175579897467698,0.3847209947744034,2.029612800394793,-0.5928974582908753,1.3617065060530555,43026.0,5.255353073444123,0
-0.8543955181540714,-0.7413836524403951,0.35609089975780356,-0.6912470413214244,0.3031263768184579,-0.17987760385708526,-1.3411173078807936,-0.33675870625781196,-0.3132612904382116,0.911583381936139,0.6879982285495855,-1.3114383380273362,0.31917740545808876,0.7740412197661573,0.11864001809993346,0.04097533470291386,-1.5935762743587276,1.1383097718626132,-1.3858837248402036,-1.0940228300883938,-1.030461113344815,-0.11518745034366139,0.9607939765106274,0.679580858523415,1.0366357950525449,-0.9472471896362806,0.1666130528719158,-0.6712738739719504,5916.0,49.101372901551855,0
0.8845850325626053,-0.3301940927243394,0.0591757301914933,-0.6315627456115833,0.30594320641191736,-0.13306262691355122,0.15970534307367285,-0.699024926854259,1.9510721677872758,-0.8185964248135993,-0.5230126085047901,-0.5562790809110942,-0.3069407852644345,0.23750559711181538,0.7888110657930932,0.2766569606633999,0.25359654090853795,0.894161552440248,-0.01297244218939567,-0.12199846641868634,-0.6038649039405569,0.08091445825147559,-0.15541742623009178,1.1502019619406383,0.18761213978927868,0.5618939222452881,0.44487435339744635,1.1896792777225538,80949.0,5.566001931015542,0
-0.7705986765648598,-0.6045098440941945,-0.12732823067162988,-0.14626827269219284,1.4103177064837282,-0.5492416259783856,0.6775588302114253,2.164316852488214,0.0515879340118628,0.8784500741824486,-0.20554528801780425,0.5245110430410215,0.09994259892143309,-1.2014431285417804,0.47917237904559756,0.485657155816304,-0.6690374847018943,0.45080356564696394,0.48627151819992365,-0.3618227622673064,-0.20931558551392815,0.20589943362841764,-0.7134813662990159,0.8054754797178474,1.1991253131079782,0.12225928527241417,-0.3378497039860459,-2.1161283964703426,27155.0,24.425571926047454,0
0.5770467473006955,-0.34157425525518803,-0.30780621590166646,0.14977563848346317,-0.01896469248392837,-0.5837894935590013,-1.2742629533908245,0.22855993835226243,0.4679318516108233,-0.6812254407846772,1.6644131531737638,-0.8145605620892765,-2.100314154622532,-0.13270483748948725,0.31941017328810284,1.0025910411460128,-0.8192005771298767,-2.174155302351802,-1.2511868647576894,-0.11422306720143782,2.0144325675121784,0.5890957020864777,0.3977705335684245,0.3072979529381155,0.1924052490021667,-0.31038125152647267,-0.38489153665285797,-0.8768430131608443,111878.0,30.785118803346673,0
1.5244374527267601,-2.3095209572659416,0.759117008833072,0.4630331670186004,2.0993248240572515,-0.9238959646017166,1.1841470672070513,-0.6058046077226102,-0.14665412694200206,1.4906788112020686,1.440466033455219,-0.7499152222788612,1.3812072713706598,0.47444809230054413,0.7007280631496278,-0.9472910070007096,0.6277401010435465,-0.6993596548670741,0.857662128087741,0.13290322153726883,-1.3922241691743233,-0.425303371738182,-0.9320005737158842,-0.11055564599836827,0.4653763941270055,0.5174890804618323,1.4459616459755806,-1.0028707698560422,141731.0,31.362145788449453,0
-0.3135962612816255,1.2169471272315173,-1.0842398092882488,-1.4509086898153556,-0.8820212600017167,1.1881622466637531,-0.7975990149764394,-1.3020616358897394,-1.1744258667335943,1.3251029991712222,0.5816735784987636,-1.445320380733812,-1.0950321927646467,-0.4677254463873167,0.231107907936769,0.4362169946282233,-0.6855863076804216,0.7092260610539702,-0.5406703756427275,-0.18386864031895558,0.2921656508709909,1.07317227430741,-1.5837891819971854,-1.5717635184677707,-0.2331297506511136,-1.301684088483837,-0.4371832973806011,1.710910262447638,144836.0,4.083978537949832,0
-0.6015762521234661,0.253346102326474,1.3407225862255443,2.0267754218405436,0.6940502169188439,-0.01555327318812068,0.13122269006495163,-0.7256936696932805,-0.03267128721962593,-0.4713954106340931,0.22109033103647568,-1.2134629890089295,-2.1631408782973285,1.1489437992838412,0.014171407849803745,0.6795633065306128,-0.8658372327385908,-1.4297587260264337,0.503553095710387,-0.21946185747720476,-0.6113700904002908,0.29905313713752957,1.253302432192085,0.2857175233940822,0.05388391544899096,0.8526522104386385,0.26964969380373516,-0.5852820588295067,32048.0,26.554782387516124,0
0.1914322591260928,1.111399262918864,0.03407806268481745,1.183528956756262,-1.0018267766478062,0.956271395693758,0.37977885975123876,0.719726480783968,0.40647367620984265,-0.21322815844935894,-1.014224300188018,0.8019240940996726,-0.9413508037652709,0.7771281612600413,0.5150472436277893,-0.32472157983743377,-0.684929703532781,-0.26724019329941817,0.1889741373991198,-2.070260821497046,0.3108978469511482,1.1170085660069766,-1.8379642710086543,-0.2401320958365258,2.0172922998897818,0.2259667742652513,-0.28468951172802903,0.7757269898364447,142091.0,70.07340731508879,0
-0.0020290276090286124,1.9798418298099358,-0.7487003905773738,0.7435627693927573,1.8171009566239644,-0.2500510425449147,0.5946816814615442,0.7583837185183369,-1.0226416397994513,-0.831935530988283,0.5102891095326529,0.41162493715832255,-0.8159135807802859,-0.9907683822055048,-1.6821476011467826,-0.9865782259666128,0.04148789460998171,-0.13358189570480905,-0.4402053919986525,1.1052826042531878,0.6371948023277156,0.4511031938515248,0.5080295882401029,-0.24094406045380592,-1.1768525371779195,-1.021400598397895,-0.8395850556059392,-2.0337975774489334,116193.0,99.90005879693314,0
-0.9936163473397114,0.022593122562750742,-0.48914607904001295,-0.36653039160670736,-0.3305654388931757,0.07216775006441888,-1.797812199513932,-0.21835354513834757,0.341613916133247,0.20000198267613195,0.010801065904720275,-1.2111945899899696,0.5625936133735853,0.31979397832559814,1.2986569635705527,-1.0064053124072467,2.7093002021902084,0.8483978044712268,-0.502789959336983,-0.62326287101356,0.14757948384538,0.6512816175476079,-1.537985548728688,2.475545935886864,0.06225823520163795,1.6321571190310336,-1.5146001353745693,0.11492791005097744,6116.0,0.24907786924703856,0
0.4609194157133795,-1.8024362558405755,-0.6769904011881117,-0.09130666673423081,-0.05818927181241474,-0.1703826464835137,1.6185626177832404,0.05171069389755453,1.2449100290042174,1.1491704925865005,0.17312714828665743,-1.129578766787842,-0.8949854140014747,1.9837748210219595,-1.2430027406589277,0.6919851091465322,-2.118364124140252,0.24855513380163255,-1.6142030059711092,-0.2447460804490551,0.2634269000566396,-0.7561453368054666,-0.057246574796133015,-1.785043098868872,-0.5510127775943167,0.8712790945701056,-0.5092106620460685,0.5637597151953899,27344.0,55.723678980246774,0
2.015516053475408,-0.8938868503795847,0.16020649902804115,0.5611664206332558,0.9242369063025212,0.4628360550272236,0.5617931016610216,-0.30505247014676157,1.0696894010399192,-1.4467568186858293,-0.564658838611709,-0.6092949142272222,0.30299057994587664,1.5601827881912074,0.8835097822068756,0.7412315802666437,-0.03613119151355171,0.24052164353087682,-0.6644583782849534,-0.8273371270572288,0.27916358943720004,-0.4423127192972935,-0.22409705359305943,0.12933841586737965,1.0496534904115251,1.1902231021267713,-0.800031365436958,-0.03557696350170581,28326.0,12.52032569486968,0
-0.25811199526572426,-1.2069044808967102,-0.7178430444883082,0.42143998639528435,1.2553406840282206,0.8266356528204162,-0.4255934808669304,-1.1078362996359743,-1.5827452799691324,0.9174484448098029,-0.05917810258006762,0.505643652431305,-0.940872541082191,-0.056271987817686914,0.059767089951008344,-0.8800390985705749,-0.2567835484610831,-0.4655161228819941,-0.7340579897571448,0.9992073397526723,-0.5486638855814,-1.317548498477197,-0.46311456252724065,1.2855149476455623,1.9324663291698727,-1.4896414249760372,0.9112348039120265,-2.7062379043259597,151845.0,24.3683901387926,0
-0.2028761960646632,-0.501874643144999,1.1421311987837366,-1.7210624380768245,-1.1118768365882965,0.239704621296709,-1.0241539027899973,1.30168623948677,-0.9752795890547196,-1.32393666447471,-0.23110927219849003,-1.2181951906907993,2.2255887499800555,0.8976117330439024,1.1552918278331623,-1.3877097241892478,0.9270124315744658,-0.025395080934826675,1.5335402053682081,-0.9043076204262289,-0.19451549829332462,-0.32200038742703385,-2.191450589324266,1.03470278801704,-0.2633168374014175,-0.2779445726704535,-1.1356045783451056,0.17694042335529672,58391.0,80.87783213757814,0
-1.0449320235690858,0.07964797806597748,-0.7816389926142432,0.7592792642700629,-0.34615899164152814,-0.6738161653020469,-1.6940715292830844,0.3726353102977346,-1.6136793222161534,-0.8597206062622232,0.2676665459962018,-0.21407589011464548,0.5637802707244711,-0.6738632058972933,0.08284645452163213,1.1788122398660916,-0.3854418004554408,-0.16337331213365075,0.9468298993644296,0.5043234218961324,-1.5702439184661452,-0.20240593809129917,-0.1356879101631679,1.3138065223175306,-2.8043880031881874,-0.5351506223822556,-0.3811769682293598,0.8076184541347103,101910.0,40.85990166309375,0
0.3190884516865476,-2.002187267023239,-2.272521930414174,2.9882475884033077,-1.3949232727997696,-0.7799538269496873,-1.3614232160906443,2.476355253029807,1.0711552062379008,-1.7877037608937147,1.3779246971264856,-2.1988023257248863,1.9745874602753521,-1.4480772833134834,-0.8962865739634094,-1.6014739122599144,-2.470359618582892,0.6884191719380853,-1.295360511433763,1.178307279556821,-0.32766070394433605,0.8092423265796799,-0.06440127407349902,-1.1921893781200774,0.6935409298131849,0.641200839553615,0.7125928064364376,1.3149245527142195,10351.0,29.511940746123063,0
-1.2469762247076281,0.34247549334155225,-0.730998492725895,-1.8932899501520968,0.1373051513755207,1.6591705379007815,0.5449384790705676,-0.756170287341241,0.6103293507760225,2.1049455570898674,0.31359315827146217,-1.3072676814050481,-0.9962841986537581,0.5543195603157913,1.1217138563169506,0.10382484809213142,1.2968779383345839,-0.20802974502931804,0.7434493074266167,1.6455027906220585,-0.7228772310577437,-1.2850400465636618,-0.9157886831420358,-0.885214819274995,0.6941648423319947,1.3867842344540309,-0.0737779572679349,0.3974716896695991,144028.0,39.13594062120509,0
-1.1069310243514836,-1.5103566532858779,-2.0085211732996573,1.019677621634092,-0.10137253514133092,-0.2800376755474907,-0.3410732852633141,-0.13753336836313368,0.7031405606707606,0.058701704495031475,-1.7021290835590768,0.3778307863803631,0.6818437325625206,0.24653727024748173,0.2332794712883931,-0.8570534118832239,-1.101507817903711,0.9900837597645727,0.20033024818528716,1.1882095685875367,-0.23251407721603,3.2073675018179135,-0.0946859950176353,0.6945354816082744,-1.6825335620077475,-1.9505469372029756,0.5487708731847073,-1.6793115142082249,77336.0,15.859465970244113,0
1.2796672718437896,0.29736526280001135,-0.0398688505726567,0.37850197507595706,-0.34893402275956487,-0.29110215025682423,-1.131515949768452,0.8829702184540933,-0.8783503055768731,0.24475266504567825,-1.015745567625278,0.8570337927340719,-0.9382046543259948,0.5141508151016827,0.167513340493946,-1.8027476499242434,-0.07937579823553989,-1.7083986168148397,-0.3649192656169297,0.6195637977223076,0.7132829731407293,-0.14831757620774674,0.9546088905635616,-0.2197539288207779,-0.19245142440339563,0.02073244734928602,0.8971047605665718,-0.2071399183856874,161211.0,24.20790881641677,0
-0.9054530593946442,-0.1094911451769814,1.0591579783713116,-0.11441521971153995,-0.6844613389006098,1.4650074078973516,-0.5269349655208156,-0.24509472756668582,-1.1666659596004363,-0.6761155583444093,-1.6281590042593395,-1.2059676261233723,0.5963206208786831,-0.02469917130988712,0.13043011173153182,0.06832338607937395,-1.37839561422182,1.1548449167711794,0.42598158835101346,-1.1971058408360422,0.37483701410602693,1.2315320521524382,-0.7375942015838909,1.7875857927494423,-0.01201208539588643,-0.12897200377774942,-1.6576817139227045,0.900165886566601,78178.0,103.05669170961065,0
1.0813575693313382,-0.3136312391925775,0.6477598002656734,1.4070157400223116,-0.38590646384786503,1.087861154608099,1.5641125404866072,-1.38769502789613,0.07690773196728501,1.066966666993791,-0.8392786784934503,-0.8214775052284085,0.6956936878321529,0.32597193569825905,1.050906765615142,-0.24473751554742068,-1.1078258367626916,-0.1992035645088228,0.7350455765964873,1.2907774677185444,0.4590631805300089,1.0130320779609223,0.2270765999992874,0.3054425477889841,-2.3334729539398475,1.0226527026742993,-0.38009039822638935,-0.8138058406859471,120019.0,63.63780087799595,0
1.524358003782807,-0.07304305594131319,-1.3375895049472426,-1.213596313080212,-0.7463953387304489,0.5338379379300497,-0.3306749003953491,-0.9488696218988308,0.10098365489903313,-2.103176751169621,0.5103215122406102,0.7566655271809519,-1.5770070718907523,-0.5129146104272392,0.8676814689752343,1.3774938857761856,-0.5139153051654878,1.0834359853105782,-0.5413769678915095,1.1887076586746406,1.062842568437171,-2.546325509624,-1.1639745918500213,0.2735956755306334,0.7545376011781121,-0.04160604847479997,-0.9417696233270293,0.5632978348086294,90454.0,35.00126663518609,0
0.2593264574767428,-0.5397780157316924,-0.7622552815679994,0.16709499277851292,0.5289618420261225,-0.3993965354144801,-0.5844482454790189,0.10075006564074394,-0.8542534109968682,0.026665430643394553,0.3525081678463643,-0.43645442503098836,-1.1193159434388222,0.47325853109604893,0.28051027181450405,2.2060437770538646,0.830023580381548,0.05137582518237679,-0.2645487302336543,0.8391042519992407,-2.266542698194603,-0.28872509843210387,0.3508760768155151,0.5188634326548851,0.5113025765398921,-1.3016903423654833,1.42218437013644,-0.4758836439708631,137323.0,66.59293028168656,0
0.5533914028508236,-0.6124714434041737,1.7786335355666851,1.5019546519282645,1.5159500472046956,2.353197592004207,1.3506060681863963,0.3433673289072086,0.142175885365759,2.206724745800603,-0.6455176630090131,-0.5882563915304713,-1.1493496162107675,0.8330806365482768,-1.5002578641008995,-0.24282987063566347,0.815237076729486,0.8130631963658811,0.1488969529579188,0.8043753646024407,0.4196609904042037,1.4467820380601906,0.6053820396190183,-0.19295226352611725,0.30354859217528846,-0.19896374402429148,-0.07869626152569421,0.09266662754358009,60441.0,81.0002265401449,0
1.9522509436867783,-1.6827563908688876,0.3185114087343339,-0.2020985448325452,-1.9307241085690185,0.39297378760996476,0.4618916923238335,-0.09460532658750317,0.6445680507176875,-0.38205401277624623,0.2182383160592355,0.47667048334068474,-1.4869358946402726,-0.05840991304311498,-0.35312600290060275,0.9651582140748604,-0.6159359858473921,1.4446165132831874,-0.9298327345515697,0.07928619503258023,-0.014385563726743978,-2.450909517790437,2.424616644887918,0.1983326713567932,-1.0410955921653495,-1.060240019293214,0.549859828708671,0.7554933892041474,33361.0,14.15915126436318,0
-0.19672840206571665,-0.02962731484932925,0.004118692634058828,-0.42926303302657054,-0.11596751607143968,0.5469854786381494,0.04428082908598004,1.0034851228619166,0.22801577859004044,0.017147544065978917,-0.8031881901175006,0.1523770610840414,-0.7145789859252417,0.8141458108226518,0.1569675451435472,0.9845243211849313,0.47602533259453267,-0.5788893697061394,0.16708204502934196,-0.5112533820947414,-0.08522191415304894,0.7422323081363724,0.8682697529799548,-0.5947969546028127,-0.6809081120388915,-0.7957737969944192,1.779100667135758,-0.7053011469774526,41300.0,49.56221042836393,0
-0.5930057969416156,1.8455337106233174,1.0560625611935577,0.11797722239794746,-0.4181717740941033,-0.17110613166556304,-0.607781893438834,0.9927655420529405,-1.0393795366826484,0.6722329933261406,-1.4654995468773075,1.0722173356421547,-0.9440677689096739,-1.7709425176230114,1.8465691707795782,-0.5765997865430642,-0.3927932514379273,0.04753147470273221,-0.08161740213063721,1.083508707510251,-1.2390187681038267,-0.942267455678685,0.4015617546722541,0.0431022420765464,-0.5999637064028626,0.04311724265412908,-0.3222443266548619,2.8538487723621007,126827.0,8.549668942019274,0
-1.3532310647829418,1.9804950628846045,2.4527411254301583,-0.45675534800482764,0.49236858850129617,-1.414307443077751,-1.552410781645539,0.32277914387972323,-2.112662161513307,-0.811450674421006,-1.4512161092831433,0.753219826278078,-1.4293298814629285,-0.786223537252469,0.43642828923299476,-0.91854529514513,0.08806626457321316,-0.1995236825681316,-0.6429259891212387,1.2759997504340994,0.5325257724773516,-0.4931033910965188,1.3657084000218915,-0.40248597939961106,0.5507600224209966,-0.49194161110998536,0.11759453701220357,0.15186093726621364,101754.0,52.14309437329152,0
0.041707080346346355,1.3218175965449428,1.2965732775797387,1.5891687302935997,-0.9517670173437138,-1.3347620650237593,-1.1705425214888918,0.0268919053518276,-0.25887994705653294,0.022845162704475227,-0.9052451279504053,-0.6224795161467438,0.11332771145725155,1.4445138131788675,-0.03975507266637778,1.547172331455835,0.12999249039932775,0.17414310301366787,-0.793974568378374,-1.0320130799524192,1.1035137822010666,0.19731001908885973,-1.0077707460238765,0.337266869723175,-0.9635363432532985,0.28548089009279953,0.458993888273327,0.34231095282694685,110285.0,11.698819911820419,0
1.4791442109183066,0.7058016008515581,0.139415254770579,-0.931847773671157,-0.1464358306927738,0.4069781917365518,-0.48046160244002395,-0.25289232560963515,0.16435491098948854,0.9609951915873551,1.3696159085076558,-0.163465393349152,0.5608260231407595,1.7616730833765786,1.2485599208952411,-0.41937005120672816,0.5919204054822559,-1.6317611725218293,0.2812254000259912,0.91815801773092,0.9884718292571681,-1.8926956378970174,1.0328832709561007,-1.3347696886939513,1.5701424170347464,-1.5523153345399883,-0.2316059686912107,-0.7384019495767994,9746.0,132.66845504821674,0
0.9595953814008653,-0.6764801240799883,0.3546881759848233,0.8969312703305735,-1.0395921824785033,0.39182943012137994,-0.2196257004020648,0.551025131425708,-0.2600838002107136,0.19439153237697016,-1.3863225152434417,-0.10421727307908547,-1.299760849196684,0.25059651506122277,-0.058542300664949115,-0.08143654498634592,-0.6355101024101931,-0.20094440682335096,0.8158174715273409,0.2519042405487432,-0.0748511564458243,0.16871893696686854,-0.5634626931624188,-1.4095593872840468,0.4458380688320998,2.37390503847986,1.3240104590093904,0.06239639613737023,159697.0,7.0669362442306465,0
-0.9420912414179574,1.4427507882162613,0.6170797910982172,-1.286683799566433,0.6966978434727916,-0.23999832397159718,0.35624228402743896,0.9196259138111132,-0.4283501365550148,0.3709870594415659,1.192383862255277,-1.405644647720192,-0.5423863134417569,-0.10335486905815357,0.02509297642650865,-0.3456158814130775,-0.15592185625506796,-0.2780903990302046,0.30533498071638815,0.8918593453410821,0.6163846751718466,-0.6731759656521747,-0.6365924370042275,0.5417912123523156,-2.202446108163402,1.2898933003403341,0.8765842035422989,-0.26696647734336965,6901.0,46.343868682393826,0
-0.855375383832596,-0.056127554440968945,-0.6126984965101239,0.6875724027218497,0.09927462995829231,-1.1716837927883943,0.5517647273448189,0.060604814814998326,-0.6914451963878855,-0.34943441017370436,1.2765454300442147,-1.0212756973625294,0.022242014371795085,-1.2679650911675664,0.21042301099568533,-0.18851159763471015,0.19134547124233708,-0.8087466687372498,-0.8057167920236586,0.2816627131944602,0.8868237323527646,-0.7764322672419585,1.0563798184994908,0.30924056140629935,1.7981992380471534,0.7338728996498618,1.0647861432101156,-1.45481867873376,3199.0,43.97587886756237,0
-0.5041712293409636,-0.06887550976307337,-1.0587194727174403,-0.10779946957536914,-0.16147456556353149,-1.4416578625601972,0.2229215594968929,0.4499982334233947,0.7156380116489439,0.3156010589546674,-0.23047201691924726,0.9321506424468483,-0.21780488622919894,0.3635759697911098,-1.444337332813145,-0.6571080958845333,0.06428175933630931,-0.22424523785768607,0.6973635413805537,1.1171565105348913,1.7465418265033037,0.67433944675548,0.20626149790213602,-0.8805343181655007,0.21747940743062769,-1.322762890086288,0.09076347739727063,-1.5271287504097744,128654.0,8.0705348607596,0
0.2922680824953417,-0.29122713183926474,0.05244908348938066,-2.65516197132188,0.37018792901034814,-0.3278506643245553,0.22040850514330076,-0.32431318228618194,-0.05237467821051375,0.05576565906623127,-0.09795020082731246,-1.6372605557601818,-0.6869682091562157,0.7784385407495746,1.011222037903954,0.6890831777024458,-0.8176829752710791,-1.5561258435357808,0.15538274266459348,1.0317151328908676,1.1773026647276246,3.480292576870747,1.2838309091060744,-0.1432671064051234,-0.51720006570688,-2.2071690673125097,-0.3087701167939765,0.28649550660101086,131463.0,65.26336349951205,0
-0.20531142710368377,0.09196189901829563,-0.9472112294631205,-0.006143153353732409,-0.24648330463094242,-1.4561279319825244,-1.0075246916082559,-1.4115495792865773,0.12322057537600152,1.4550648943597244,-0.661019357857073,0.9553047852441525,0.823697355916314,-1.481789076683086,0.47969799967782645,1.1939237659108033,1.6845492653200183,1.3492613841472472,0.5508493171319856,0.8946462008530763,0.14167759275967,0.31573742233717506,-1.4537644438242936,-0.9648168838221979,0.15870491395851455,-0.8829982234206508,-0.3212196498719763,-0.08735764625395817,32978.0,19.374292798394734,0
0.21445394544308127,-0.43521490158805637,-0.06146241903506856,-1.0967837412742523,-1.5538209829768286,0.898915335947862,-2.154754943177502,-1.0009543487131332,-0.9715236197872982,0.7243945092420175,-0.0740890768251897,0.24321028974284328,0.8601008220667317,0.5588984123859126,-0.22847921458760154,-0.4274076922026876,-0.48428291557986464,0.40945489957808984,1.0860644247761204,-1.3638471112000663,0.09625489003487496,0.5259331659688127,0.24491250317273686,2.1239625707528176,-1.8407208904056742,-0.23765095669737518,-0.331175575896926,-2.6248519111032866,133936.0,4.596235240588754,0
0.2967393780454473,-0.08378216937310629,0.0961230399920905,-0.45678151259372246,0.595730409933268,1.1526647818000566,-0.5208758251558034,0.765766005399797,-0.6204216733480292,-0.2436818198702201,0.6072445712798552,-0.18268489251642797,0.6925819011145522,0.49066664321384457,-1.0879098143142831,-1.429581657823414,0.7258732060610734,1.829186138924845,-0.8491165337038569,0.8322098352773416,0.16521374830970015,-0.07828910741780326,-0.5421057791831235,-1.478127017676687,0.24905295340273909,2.281778526637643,-1.6348247552654465,-2.1408005451846415,27496.0,23.197855700454788,0
-0.2987735866784475,-1.0845991087272615,2.341037321882936,1.581551798649239,0.28827017045747005,2.8290341630933096,-0.9541492231539398,0.447003015240709,0.16379789464794722,-2.446812469027209,-0.040875790037683095,0.4972757483998587,-0.1957252980107765,0.4408648522200265,0.26810115529117035,-0.005652690088663461,0.17569246671719446,-0.8958717300060846,-0.1343444866335702,0.06161813855091026,0.22249285431584118,-0.7508789485033898,-0.2898474937702468,1.7974935328296389,-2.4982904803710233,1.335848672838702,0.4109677846488101,-0.3079204100146393,152829.0,10.654755654699194,0
-0.040173941602943734,-0.3736637047405186,-0.8510499946565668,-1.1485810870406674,-0.15407960154487466,0.8783174517341109,-0.6526269525413433,1.5902136720380733,-1.0054178361548107,0.7157221552856126,0.9448640372166425,0.4351686658381869,1.9988007667230767,-1.1275267467457308,1.4546714420667857,-1.53637055440352,1.1865323705597925,-1.1854896562526895,-0.5627420355226844,-1.1094106338107068,-0.46836159685065254,0.23076579584782672,-1.9034270552336878,-0.7379907340101992,-1.0098422439880257,-0.5372900638105007,0.870167686310633,-0.06852744479309539,42595.0,76.97277037295567,0
0.20659237721603418,2.280556469949822,-0.1217889319709347,-1.0899504257265902,0.9849249306335561,-0.5928496048641417,-0.27455397515268837,0.05609842897404842,-1.2592989754781818,0.7552656803893781,1.1337333445132591,1.1707510406893016,1.7527024462655207,0.5418434342705492,-0.586401577170976,-0.6925065281917897,-2.1971476889245425,0.2462207517646732,-0.8215830034981644,0.7175376716920355,0.7420377680442947,1.490348451790631,0.9013803905092334,0.5063168905526035,1.456582910571399,1.2353510692390204,0.03051207481152668,0.6070692893116433,7011.0,51.25825149146754,0
-0.08396970353317602,-0.0695940279619468,-0.1643028895845328,1.4808828568718004,1.218495549791886,-0.8716649859050979,-1.2436070752310067,0.8647737378777771,-0.3291510016953456,-0.9169079780858954,0.292165847084968,-0.44468991205946473,-0.3899726078705487,-1.497940996228561,-1.0066537824269886,1.1686746444033083,2.01022761419243,-1.6807544732268114,1.8727883379347237,-1.348416584424388,-0.6551964710403526,0.16122037290460034,0.18488534540791834,-0.17692886162595028,1.360361607119794,1.251358401244554,-0.46470056490911876,-1.2374500194667655,99301.0,67.31722985306939,0
0.5035208649940508,-0.23866056477176292,0.4373105333753307,0.11919692046819659,-1.0922826341215208,-3.4517280889262696,-1.1105104217264656,1.3230169305570385,1.200970772533059,-1.998368421877228,0.2757080016690327,-0.27199393187117193,-0.10842520579278143,1.4885958169582836,0.4752426717939302,2.2538492931724803,-0.23950347992737506,0.1904191861549413,0.8757521993744657,0.9053838972676306,-0.7597700088813528,0.8624455060180075,-0.9935865259522402,-0.2948252064672696,-0.30399169781025237,0.015883906995487754,0.07830541712425368,0.591367581463393,53527.0,37.65964529484604,0
1.8708757733280048,0.5323742791050526,1.0467243315836225,1.5847309175915665,-0.7810760719852001,-0.5948891385019035,-0.10031706444805384,0.9944501647648575,0.1909517782609306,-1.141807056013075,-0.11232372254674762,-0.2894261436516528,1.199935013969915,0.13518346189356767,-1.541210162573658,0.3181792275981472,-1.2515712144204585,-0.7276211124892175,-1.656041184967354,1.7011003603641568,0.3435549280199391,-0.2553051379824398,-1.3484844414397852,1.0219306237843415,-0.9534765247709932,1.2441893095638166,0.2698589658091009,-0.30730733722958253,41314.0,35.312474936378095,0
0.5919722847708305,0.708121821703462,-0.4904835016266552,0.33260737411589053,1.5472850957678503,-0.17697387727276728,0.11577052264971079,-0.608546946703059,1.4595995082277389,0.9261887606444966,0.29450584722394596,1.8468878204446082,-0.7880968159942673,-1.1636517868081409,-2.1656495279176515,-1.116135508636482,0.10013710582939203,-0.3635714531913671,0.3961683496311198,-0.4847556935629588,-0.5426971847233666,2.491665951877887,-0.8780344082931463,0.9019332899851282,1.0180972967521504,0.3374001106834766,0.3737374220261913,-0.5068791481306842,38844.0,11.467364653537302,0
0.05581054640855185,-1.1137688591720734,-0.8213520301050313,-0.90706467160641,1.4188518665913126,0.9678072570350138,-0.6559982779150202,-0.1845658277595415,-0.13152265379891426,-1.0647814921422254,-1.1633078554685758,0.9067636788496704,0.40972077476767077,1.3451862061434947,-0.3888697326808988,0.7202144695535125,2.214372913187653,0.21759431049892933,-0.5227318142891334,0.9312834899752007,-0.2285665277844221,-1.6774543670463102,1.3559303825271494,-0.2026873667252786,-0.0027374932598924605,-0.6698200230026206,1.8714907065241002,-0.14153823911714417,114563.0,27.014006701971187,0
-1.6861186233619148,-0.20715878280324507,-1.6407106159316551,-0.06816737185530974,-0.7383931285860975,0.6116001531870114,0.49828506876480194,0.12977273970235542,-0.3100653608581901,-0.45952514775005104,0.35331321004942684,-0.96971247683214,0.05714103048051912,1.1540104509329874,-0.6341713467725404,-2.2916591384673817,0.4740288757537301,0.01172927545770909,1.0715280757019832,0.46563594943877396,-1.9770974827416359,0.5561382716894913,-0.11920016508815616,-0.8220315244210161,0.2691322630250459,-1.201424377234617,-0.8313832452734877,0.9850272466342126,77163.0,80.45391350960432,0
0.38795708601520174,0.9182758409347652,-0.9262044968028467,1.2641284304472291,-1.1807100522366516,0.5883497403797692,-0.21945471235280117,-0.9858686902969566,-1.3922373846886404,0.22039405931717856,0.15338426516429163,-0.37668328649863736,-0.692478890744402,-0.6504314488781314,-0.2208490193244815,-0.7473611802092048,-1.2521972744368215,1.8059001712070768,0.07591555978926753,0.6643236084163001,0.7625601558210194,0.5124554554580099,-0.34868939023617074,2.159414363146921,0.6995797423989601,-0.1257459822013188,0.41086027589037577,0.5572786005619295,110583.0,34.68908572917793,0
-1.9466784117672074,0.26983762907210557,0.5364408345765945,0.9675052248511342,-0.6375675537359791,0.2136276032155486,-1.0199130875471998,0.4742885151043254,-0.5762245463622031,1.2243679817358886,-0.9120738271218193,-0.7500765646340855,-0.2209748809528712,2.2041041695342476,-0.4950604163253681,1.4598904073596588,-0.48871376719943543,0.590571665596337,-0.16533424144511613,-1.3259601638954315,-0.0017691415373997455,0.23664862598734676,0.4660775857412707,1.491027388014298,-1.0695279924039167,1.0201609048973415,0.7423173250461137,0.8889699758275875,112515.0,15.226216966492977,0
-1.409034086156122,0.12195404350177193,0.045647041823202894,0.0009115320758069846,-0.4981164068176124,0.6609100304325133,0.04073066792522259,1.023988499642194,1.4351837371653224,-0.018157187922273207,2.095980391137934,-0.027988716169003554,-1.5612359872011612,-1.0041425656778329,0.3888615097537825,0.6854328660355906,1.2978833274291102,-1.3102983231792071,0.13124476979840538,0.6243706270645791,-0.11757707210896379,-1.1464325141802685,-0.007415256386685394,0.22871750946032918,0.8723881784656174,-1.3858333306195816,0.11933855057362924,-0.6874879179900336,69806.0,73.52740129736334,0
0.8546392524687652,1.5540176686087332,-1.0154339949061588,0.05014367071243192,-1.5840658318867207,1.4476000014639705,1.8824135849857386,-0.4808549062049495,0.32755027250152297,-0.10038732671378288,-1.0216903442050462,0.17327323357313268,-0.5328197395804932,0.3134194611966448,-0.16426981405430227,-1.4297446529933349,-1.4240146066615198,0.9342567031982622,0.35692295576376815,0.15233140306985274,0.4456646780348091,-1.16836159927069,0.20976794033992283,-0.20929084986657295,-2.1501798475590967,-1.6473924413010674,-0.19900322227334327,-0.28388916866938824,139013.0,68.61369036820227,0
0.7062350601366643,-0.6777727596396438,-0.3727674764848574,-0.11570044011517851,0.0311672527492588,-1.0648768888459912,-0.6749262003203226,1.9725542166025853,0.7331211022396383,-0.5488494125833665,-0.9189828823490875,2.2598269198746967,-1.9853218228018021,1.1824376424437348,-0.5420878580636691,-1.7112655610776226,-0.20845038409778885,-1.3574710783719035,0.026217386197524364,0.7546365249299077,0.20438348319281688,-0.2659610370104464,0.7137354159686907,0.38095849132449794,1.5678500369272588,0.5621665875581656,-1.002408777366679,-1.1623686743143928,160187.0,106.30039834662786,0
-0.14993899834888477,0.08274589510763317,0.0314729477902652,-0.5946671712463415,-1.2801789097415188,-0.4573003847291696,1.1661397483449962,-0.29072394900540344,0.7050978321526489,1.6306527884733477,0.22585598327447495,-1.8727662838592274,2.289922910671426,-2.2706719766371517,-0.4006884604281954,0.7949470398365747,-0.3219736413501182,0.051004591109168954,-0.20717269092987853,0.02908794583667824,-0.6639267909952069,0.0682380929357291,0.30843811117073744,0.1702421133780015,-1.585237173144998,-2.7782362313175644,-0.5642919186467081,-0.55336898325409,95967.0,60.59594418709703,0
-1.7100111061522156,-0.5200586652550714,0.5036789316089304,1.9858797493751439,-1.2103896500415234,-1.3885315648143455,1.3777758925746164,-0.20295797573597119,-0.009545439969233559,1.065950370771813,-1.9854622272027107,0.9910809182609684,1.5153521412154332,1.0014629842577074,0.6887018302296698,-0.10342585648708484,2.123624595595327,-1.266879532205561,-0.13079585994722742,1.109385675933803,1.9169305109528254,-1.244349730994456,0.8472574116693987,1.284325860889039,-0.6063826346384052,1.8634963188741844,0.7573749324442851,-0.39642001070078137,130579.0,37.86232823048875,0
-0.37134851689085024,1.4903082290762408,-0.5933943528385258,0.007393170164879609,0.9161064222661041,1.6186603099010026,1.4981616011100958,-0.23827884519819545,-0.20480598656356724,-0.09512340466447079,-0.8420993297835871,0.39733561895306324,1.2380348058670683,-0.06471814857274051,1.015956947552602,-0.6467221236555905,-0.3196975906229824,-0.8528130963327952,0.47629545681810437,0.29415599977655404,-0.42660013622269966,-1.0978142559865625,-1.1897613560649773,-0.8768320551728483,-0.649412711827713,-0.4498990563172937,1.5158190906492441,-0.46560909417703156,83268.0,4.392629367013136,0
-0.678738318216024,-1.9518603992765322,-0.2504400576578742,-1.1629091187923692,-0.6831892754807607,1.2968691232280432,-0.8226280144013051,-0.7082760529133515,0.11918357318192313,-1.3965790873035588,-1.5739187591660142,-0.744955064775132,0.311137590882678,-0.015699767604605473,0.9617749837261279,0.35430045991512077,1.2754364665262867,1.2632547873016449,-1.0567175472544137,0.69691450195197,0.9330045075765356,0.5281882888950787,0.045965738784422255,0.10941314298230881,0.8032014858630679,0.7490171827345535,-0.6274348956012156,0.7130165803281086,23963.0,16.21632404594056,0
0.6368407461302101,-0.6701416954837595,-1.818434733340209,-0.49041754861728876,-0.07147118211444801,0.7522841634807821,2.015373931371263,0.4178581594907103,0.6713020905667964,-0.7902895136551409,-1.0170497509580774,-0.19039699679440544,1.0074113265646785,-1.0768618475124976,0.7549088885822507,-0.6274204037779167,-0.7031028388714969,-0.5854857563982543,-0.0032863796521098955,1.3815548952218113,1.749897795712757,0.9998009896062481,-0.36410933739030854,-0.6952343503963564,0.8214222441124593,1.9012677689014115,0.5183037116813468,0.42515576728599896,130582.0,28.317171462097942,0
2.2577305324275314,-0.5291569660279176,-1.1513858022379435,0.7468198607642406,0.6290963556756982,-1.1985514195237321,0.11634945827287502,0.020025880595626232,0.457866213507851,0.5794816391544674,-0.18509966502616806,-0.5373778495001221,1.2807579029765412,0.33152413944416087,-3.240106096212498,-1.9683455323349797,-0.8283002865333933,-0.6717893680745859,-0.11354891879484554,0.20465395779272752,-0.5888705378159623,-0.5939879486081788,0.09011877384582331,1.3954475125497494,0.41863412063156386,-1.4835871876563116,0.5673116774172441,0.7591629757032256,39614.0,29.1766088487947,0
0.21693048795465586,0.66353962317159,1.6177156581788448,0.6595594318782978,0.8132240720912229,0.17294480349559044,-0.25378890670915494,1.6613718566893032,0.49197221176693245,-0.7214776710204439,0.2659506120260584,0.010498347568593141,1.0242052940962694,-1.1097843068553765,-0.9438595749623747,0.7485069624430566,0.9676905939924854,-0.5909295134891689,-0.45557381028048644,1.0102812346749133,0.09264535807525807,-0.7316186068744827,-0.05348654159348437,1.8918468996020836,0.6091215757156522,-1.074223231512185,1.0630093698017293,0.12821549362818968,28724.0,77.36970635209757,0
-0.7793111280321169,0.606275476109527,-2.1881406726948454,-0.14099903467320576,-0.33702012879276,-0.23463935975653435,-0.23034791500272112,0.6073099295714779,0.15414417542014286,0.892272952830559,1.0486940634337432,0.9705328364658008,0.926302194811243,-0.9684603368187689,-0.2563564561578098,-0.7009044354245767,0.5884504606543168,-0.3444924046942032,0.6870347752843415,0.250573450582998,-0.7777441369661495,-0.7605393350595743,-0.6380745380942859,-0.0023592479714890625,0.5317718960348193,2.292565335049926,0.287443562207432,1.0725604783332527,18893.0,17.473672434832785,0
-1.1705515303032201,1.3951942602387315,-0.33780255263402675,-0.6872569566347936,0.04411747865460111,0.08082704858777956,0.6015735397635955,0.5376894896972543,-0.7699339186907497,0.36145853452581167,0.7514332543436966,-1.5625335124640065,-0.9045486823396428,-0.4477372033981034,0.26423497043868305,-1.054247241295499,-1.7472819737825165,1.3882754335574052,-1.2071020339631477,0.5431770655194912,1.0050762625727585,2.444720730223577,-0.35596104899384223,0.6287779182859187,-0.031943169397483075,-0.2910475572493151,0.4883769285107287,0.11370553822566865,169385.0,11.380880433174308,0
-0.05609428076827262,-1.5740328423373253,0.21919822934425529,0.024582120939776186,-0.8254059893947533,-0.18811812961200752,0.05112753264698014,-0.22153784606945764,-0.2615954207883379,0.29265139214725167,1.1290810227388022,1.2783134310756286,0.43593272140544476,-1.2273313465210012,-1.558858077825067,-1.3829964187991837,0.6052816354862585,-1.2012095057904144,-0.342632136831345,-0.4954393444121805,-0.31647160154789794,0.45571232431688286,0.9182141615130629,1.4954368825670523,-1.945815412305371,-0.13070137117948688,0.9468363255874291,0.965552524054548,122989.0,107.12537409414243,0
-0.17679319351358783,0.7504750090304797,-0.3743492453270371,-1.7206875500530123,1.7473796964590198,0.5199528247759543,-0.17689668071199002,-1.4142327144943792,-0.9414530761922579,0.6534447761962298,0.5339383455247633,-0.4136442134513491,-0.5275743159379177,1.572731397653871,1.4810125552579643,0.19267190444039464,0.6082759898700415,-1.2582880142413337,-0.7974588157354359,0.7947337503092861,-1.046843519838543,-0.10011177501935886,-0.5545481834977298,-0.20993721824857872,-2.3574654234125583,0.23223694968855796,-1.1424303275174492,0.5029635691645361,155196.0,9.325248859082109,0
-1.1515191595274716,-0.29327986428830616,-0.8081575233653976,-1.3384432150414223,0.6499498177631488,-0.3948398689752267,1.2835889159460645,-0.08950339866795118,1.0046578655617662,0.4985878477879019,-0.520968059507193,1.4686670098802397,-1.1738949295732173,-1.32871839401522,0.36237164995559873,-0.8569380047560353,-0.6403709143707784,0.5357549778333145,0.5082982072173803,1.2416415850138363,1.2592291699560934,0.9718152565997655,-1.2336077144197832,-0.8438848778079607,-2.3532417552701386,1.080462086432682,0.08607333181080544,0.7351879797300193,33124.0,29.449690019911124,0
0.1163552356921842,-0.6656252372581756,-0.061078532387332324,0.821399594139533,-1.1032397799260316,0.8545705060906219,-0.7227626711045785,-0.8502919413971807,-2.102043917571493,-0.8551775400472951,1.0596119484626736,0.3749581546884591,-1.1350461030970098,-0.7547704427679139,-0.5620155252310833,0.5650966100004803,0.1880728987888415,-1.6131115203174928,-0.43825847760140113,-0.05300914645133371,0.8785721501370509,2.2612478895508668,0.5728716492879312,1.1298245501353612,-0.00787182401923253,1.355270764047574,-1.7510771381996617,-0.06696980500851155,117019.0,65.84640468201711,0
-1.1509135213108617,0.539568533372521,-0.004965401502279523,-0.4927687948123542,0.00405796885634217,0.2413948582531965,-1.0431439291548392,0.9518432679151898,-0.21786391540096905,-0.32583003011788636,-0.5410415076133939,1.199060626307671,0.4338118976001255,-0.3163622134484175,0.2228377153741858,-0.3220601965563923,0.2365924720566403,-0.39891028534059936,0.04465903206356181,0.8138879984071564,-0.8451721646518101,1.1362082443500703,0.9443552705212047,0.5963037496128626,-0.1955707119988602,0.11231210812150598,-1.9602888140090151,-1.2386758811063856,78128.0,7.316144322437058,0
1.1121072717293008,-0.9201395827356486,-0.08211740493189977,0.385483933892715,0.7135516873594568,-0.2930761722218988,0.7931050993185043,-0.030442887211399913,2.387211535238167,2.339816086453625,-0.6669495560473391,0.5299523774978024,1.05877110943629,0.0035706420513062953,-0.28696797443848193,1.0193339546208162,-0.5138854449982128,1.0801085753567288,0.35865158395104757,0.4527415573542105,1.131781723338323,-1.4634126847018045,-0.27455520909729864,-0.1173353613739968,-0.10388365000567999,-0.34275295732908095,-0.7960040981811366,-1.4447703256257665,6963.0,12.33502809966982,0
1.0626506057881553,-2.0769132953143226,-1.8777121211521157,1.252592533070883,0.4794109665687367,-0.11185336692429938,0.7035973807944118,1.6657428530670015,-0.34153455023770524,-1.2078565717792722,1.4726380075540824,1.051246112079833,-1.3623522018401546,0.7923313904058649,-0.7001431339621308,-0.44046575961953915,-0.612081685315724,-0.03693448766773834,-1.4930426727278086,-1.0634412459601497,0.1890405586673936,-0.1211636068222625,0.11624611954295319,1.5508380886950863,0.27496463973583224,-0.03729577888672436,-1.5220725406594007,1.9573816248341789,16010.0,29.81001244682371,0
1.0847512652964209,-0.37021848892263526,-0.14740362795539622,0.6679124924998421,1.8291701180403968,-0.44058741092674997,1.0939775355370664,0.7353103108581456,-1.1347846218060913,-0.47454495956691534,0.7326241505954436,0.019451375161283313,1.7506790990394294,0.8183030546449679,0.5657928053532917,-0.7065261765848068,-0.6978537467446296,-0.5126403892557713,0.42155311485116376,0.37849103734421813,2.5934139666781855,-0.4403819276992316,-0.8307647446978467,0.3265164903672418,-0.20473585779432613,0.3100259333570605,0.5516634684913103,0.3878399043961943,160532.0,41.9300598837372,0
-0.4740504706085282,-1.4977708516419035,-0.8551126902915559,0.021189653318113826,1.3723191131834143,0.8138840472638229,-1.0721997596911337,0.8355359556481025,-0.01795490971146639,1.0656978923330187,0.16475818015642796,-0.8707128434426215,1.474122838225208,-0.3028587492058487,-0.39384694723500635,-2.015637173788186,-0.30118101152805105,-0.740542333557963,-0.699584837244054,1.3335060432561288,1.6392219458185735,-0.37935246884133106,-0.20689677888342708,-1.6897540437183083,-1.0011868613796204,1.339055210221165,1.0445074900219233,0.4434568981542767,151492.0,11.155900278388529,0
0.5145205633180888,-0.6489158210706784,-0.5477358748135395,2.187981864530712,-0.5393064578265229,-0.2714644849691,1.0813914590722906,0.23065714744421098,1.289376364145533,-0.15926053255308995,0.6966467062201372,0.6377446421243005,-0.3759565577210951,-0.3840786068674572,-1.3516278604043173,-1.1491255114251495,-1.3518884966837303,-0.9449946157186995,-0.23857624337003755,-0.44920019977715825,-0.5271968557060929,-1.2544166762068925,1.078465515416535,0.4369048388251358,-1.5262684493131777,0.13857823028987057,-0.2713290250252402,-0.1668994586207776,49542.0,78.89025063352624,0
-0.13206950521935684,0.3715547637511007,0.22697476334145322,0.6864987964126616,-0.08918050046226211,0.2948903971161769,0.4820213247444815,0.20867233441265007,-0.16045041775938484,-0.8121220584483313,0.8229493587777359,0.6766750890444285,-0.4587514999486691,0.035031122259571015,-0.5748758030387023,0.6607408459620167,-0.0740201426944195,-0.6236180523409394,-0.10581891930741379,-1.7282301825775181,-0.2548408850188421,-0.4288522808048383,0.7796822606399227,0.031355321044604846,-1.9386405714720985,1.861115698641978,-0.10248582877427692,-0.45853656475193233,128909.0,30.704412157343214,0
-0.38881206140248165,0.311999745614158,0.6407287504805665,-0.36446034394198246,-1.2815413929761867,-0.39240458847467197,1.7625754355389314,0.6532728671953089,0.6133488006981831,-1.3231737846614253,-1.4152691047221932,2.0687826394035294,-0.06900414156048526,0.8220331461128297,-0.054250587118565244,2.9842218080909735,-1.516584568269535,0.0941362194765874,0.7546856279945156,0.23321282053491907,-0.8348145532051783,-1.1224033211129731,0.13892597287783368,1.97130944446872,1.3065600860127702,-0.8774794336295625,-0.19892021945594499,2.87177384738712,133519.0,47.47627286792043,0
-0.3391456571420661,1.5868994489785668,0.8967773342418733,0.7526967264568842,0.24945298288944406,-1.485101875414252,-1.2482876605516346,0.9226688169138206,0.09995298894656304,0.5360279241633258,-0.1484316991075931,-2.045077145207708,0.9850554110108832,0.6974833461499684,-1.0192534060815723,-1.301247122776325,0.04227654861281902,1.1878574377848274,0.6888758651431998,-0.6030306468545689,0.1291744068715854,0.3021856230082393,-0.27560565504317447,0.07432175544528348,0.9847858593822573,0.5438882271140122,-0.22725784776334518,-1.1199068116306001,114860.0,100.46163149131073,0
-1.2997152730341506,-0.19965474694348667,-0.49641305697888843,0.419346493896769,0.15102105954633643,0.9061044053757645,0.21824034851994384,-0.7105702622938569,-0.3728730619008731,1.0198924663843631,-1.2323028305287378,-0.23336356694319635,-0.37957314623309474,-0.516366663634598,1.321946444157297,-1.0882204309878627,-0.11628461530923849,0.9129418366179713,1.6487341410737384,1.9040150889618126,0.04701285262967653,0.007311476505122224,-1.6030767988792731,-0.11530892023882117,-1.37360097463538,1.7954692330019149,0.1742168894290151,-0.06273553067599061,157326.0,75.3532322649607,0
-1.4438636958951212,-1.5333315905478553,0.9240027767201172,-0.8799859722813214,2.7034828626190395,-1.0581265128150872,-0.277567419476039,0.49228067730864616,3.1502878615712397,1.3998935647672701,0.06714779340275426,1.0293303028199625,-1.1031721114037587,-2.0592023524050536,-1.0283778095299483,0.2804791701207977,-1.0609094522132647,-0.6006698219903089,0.16475570594852346,-0.008059841771828311,0.7041748163810118,-1.4539741971828684,0.3040704714114021,0.5279176235702298,-0.248050313037846,1.316776949004229,0.3921506272046628,-0.05134028569504925,120713.0,45.87661188793629,0
0.7943147908760457,-0.7560968566356783,1.1737275326239913,0.07501520407748195,0.09757510420961348,0.6791609684133574,-1.5897659221268166,2.621087223246067,0.07115063763862578,0.05378851016328915,-0.7250629238986795,-1.2915015004552983,0.34635382213263644,2.1430529339301856,1.8184798591922888,0.4192402922545969,0.8141385237955816,-0.7651662554863207,-0.44561186757656046,0.02791336810271808,0.08419201942637862,-1.7478443249312106,0.44451797387071,0.3361821568016371,0.49722744731789864,0.3399243902657886,-0.4303711437675507,-1.13098864760483,16303.0,38.95292583179721,0
-0.19123540391952007,-0.9193842246262718,1.1366379245460594,-0.16962420039136794,-2.0932523806510894,0.42015277589049493,-0.7148879387866381,-0.08969002689545434,-0.5371577392907193,1.0449878238722339,1.3018852546809376,-0.2628424243737517,-2.0627565638347134,0.9514356282552693,0.9558916466911798,-0.7292581412251484,1.8904993168860158,0.6437744084871257,-0.4699340880637966,-0.586874311651597,-1.402238903883887,-0.5188002503510333,1.0293731949179907,-1.316690210622652,1.7003040957722992,-0.9026487948518701,-0.7584494136267613,-1.2717348925611343,62590.0,38.91803524342531,0
0.21642485112762316,-1.2178251584582491,1.3897679388114335,-2.0215523437034415,-0.6720864867045588,-1.656033441014323,1.1270641511010977,-0.2555434156041147,-0.48998332977451603,-1.032941033258028,0.46286827869542335,2.088517774612684,0.14290037709157122,0.26331473657743665,-0.8798132216150429,0.022768187643605994,1.2831252165107006,-1.8372690324974883,0.6101158632654451,0.2793912483154575,-0.772829390473932,0.613574684393657,1.9712683327266634,0.21100757007188894,-0.5915601546449688,-0.7282616415730727,-0.48939822282005996,-0.7031649342822481,63509.0,23.442301962997853,0
1.0017103884541199,0.43536719501544086,-0.1456825059189122,-0.17725145727058092,0.11234921152507354,-0.9446815654197428,-0.46896067787685175,-0.6924699334026035,0.38057449843801755,0.16802136980277174,-0.8659859791932906,1.3860734688946976,1.1608012117925899,0.3404424942441919,0.19214008249211698,-1.655047291300762,-1.3893944779944762,-0.4779636708124507,1.496576384934173,-0.5222372215833081,1.350900777262954,0.45676713917262246,0.3657520928310714,-0.2362232713468661,0.2186807913630267,-0.16007967044796167,0.8464665768410792,-0.3437931998778809,32766.0,71.4607239999709,0
-1.7331324950160742,-0.6452323379652398,-0.17413191507326234,-0.29105534618990875,-1.2560152925928039,-0.5141006402573889,-0.7225975446538085,-1.4485642244432002,0.4092174005872378,-0.6773869828259044,-0.07366912802029897,-0.9156041349599913,0.30703370520119105,-0.5215929049533711,1.2442832471810967,-0.35180454220570073,1.231545384907755,-0.3660014927898003,0.31811838455739333,-0.8549304556395885,1.1034295581908176,-0.10537522560535226,0.9347284291794397,1.496099020551421,1.2435958501033368,0.31755997796530905,-0.38817220858797413,-0.48561938697834545,144093.0,24.016435892581548,0
-0.784130073815894,-1.9773728166870077,0.8250507793943487,-0.45063933502457765,-0.8672076840515678,-0.8207180422408968,0.868260391887352,1.1888864271411441,0.7720116130817918,0.173838834603124,-1.2653658188504335,1.396261401876722,0.7815164803742511,-1.0010578761289386,-0.1284308881662851,0.8408185264153634,0.18406194930577408,-1.142950924400163,-0.5385970880656782,-0.027584092633701054,-0.15311753859514832,-3.3495250001664116,-1.09634456394469,2.4916954783500365,-1.7773879013059635,-0.25480299600816914,1.5018466843651617,0.8132338533132144,3124.0,109.1722655065471,0
